iso-date,precip,tmin,tavg,tmax,globrad,wind,relhumid
2011-01-01,0,-1.8,0.7000000000000001,3.2,2.736,0,88
2011-01-02,0,-2.5,1.5,5.5,2.379,0,85
2011-01-03,0,-1.8,2.45,6.7,7.004,0,61
2011-01-04,0,-2.7,0.34999999999999987,3.4,4.883,0,66
2011-01-05,0,-2.4,-0.75,0.9,1.45,0,68.5
2011-01-06,2,-0.6,0.45,1.5,0.81,0,83.5
2011-01-07,2.6,0.6,1.75,2.9,0.659,0,96
2011-01-08,0,2.7,4.2,5.7,1.726,0,92.5
2011-01-09,0,4,4.95,5.9,1.287,0,97.5
2011-01-10,6.8,5.5,7.35,9.2,1.023,0,98.5
2011-01-11,0.2,6.8,7.65,8.5,1.349,0,97
2011-01-12,0,4,6.85,9.7,2.83,0,87.5
2011-01-13,0,4,4.6,5.2,0.897,0,98.5
2011-01-14,0,4.2,4.9,5.6,1.13,0,94
2011-01-15,0,0.7,5.1,9.5,5.259,0,83.5
2011-01-16,0,0.5,2.65,4.8,1.889,0,98.5
2011-01-17,0,1.5,2.25,3,1.908,0,98.5
2011-01-18,0,0.6,1.35,2.1,1.751,0,98.5
2011-01-19,2,0.1,2.6999999999999997,5.3,1.437,0,95
2011-01-20,4.4,2.5,5.15,7.8,3.477,0,73
2011-01-21,0,2.1,4.25,6.4,4.086,0,59.5
2011-01-22,0,0,2.75,5.5,7.726,0,57.5
2011-01-23,0,-2.4,1.9000000000000001,6.2,8.592,0,64.5
2011-01-24,0,-3.7,0.0,3.7,7.613,0,78.5
2011-01-25,0,-1.6,2.4000000000000004,6.4,7.631,0,72
2011-01-26,0,-1,2.45,5.9,6.552,0,73
2011-01-27,0,1.7,4.55,7.4,3.132,0,71
2011-01-28,0,2.2,4.7,7.2,7.079,0,61.5
2011-01-29,0,0.7,3.0,5.3,4.412,0,62.5
2011-01-30,0,0.3,2.75,5.2,1.971,0,66.5
2011-01-31,0,0.5,4.85,9.2,8.749,0,68
2011-02-01,0,-1.8,3.65,9.1,9.094,0,67.5
2011-02-02,0,-3.9,4.3999999999999995,12.7,10.223,0,59
2011-02-03,0,-1.6,5.25,12.1,8.592,0,60.5
2011-02-04,0,-2.9,4.3999999999999995,11.7,9.847,0,66
2011-02-05,0,-1,4.65,10.3,6.903,0,72
2011-02-06,0,-2.6,5.95,14.5,9.916,0,65.5
2011-02-07,0,-2.9,5.75,14.4,8.767,0,73
2011-02-08,0,-2.7,2.4,7.5,5.523,0,89.5
2011-02-09,0,-2,5.75,13.5,10.343,0,71.5
2011-02-10,0,0.2,7.8,15.4,10.242,0,65.5
2011-02-11,0,-2.6,4.55,11.7,8.585,0,76.5
2011-02-12,0,2.8,7.25,11.7,8.002,0,79.5
2011-02-13,0,5.2,7.4,9.6,2.485,0,86
2011-02-14,0,4.6,7.6499999999999995,10.7,3.828,0,86.5
2011-02-15,0,5.8,7.699999999999999,9.6,2.925,0,89
2011-02-16,33.4,6.6,7.5,8.4,1.079,0,93
2011-02-17,5.2,6.5,8.1,9.7,4.829,0,85
2011-02-18,0.6,5.7,10.0,14.3,10.427,0,77
2011-02-19,0,3,8.15,13.3,12.119,0,72
2011-02-20,1.6,4,6.45,8.9,3.809,0,81
2011-02-21,0.4,3.7,6.85,10,11.058,0,70
2011-02-22,0,2.1,4.25,6.4,6.282,0,64.5
2011-02-23,0,-0.8,2.85,6.5,13.204,0,63.5
2011-02-24,0,-2.1,2.9000000000000004,7.9,13.675,0,65.5
2011-02-25,0,-2.1,3.6500000000000004,9.4,13.091,0,62.5
2011-02-26,0,-1.9,4.6499999999999995,11.2,13.895,0,58
2011-02-27,2.4,2.6,4.15,5.7,3.395,0,76.5
2011-02-28,1.6,4.1,6.3999999999999995,8.7,4.883,0,76.5
2011-03-01,0,4.4,6.65,8.9,12.357,0,61
2011-03-02,0,3.5,4.75,6,6.489,0,51
2011-03-03,8.4,0.8,3.0,5.2,1.387,0,76.5
2011-03-04,0,1.7,6.199999999999999,10.7,15.25,0,65
2011-03-05,0,0.8,5.9,11,11.937,0,71
2011-03-06,0,0.5,7.6,14.7,15.853,0,70.5
2011-03-07,0,-0.4,3.8,8,13.512,0,49.5
2011-03-08,0,-2.4,3.05,8.5,16.744,0,58.5
2011-03-09,0,-2.4,3.95,10.3,16.16,0,63
2011-03-10,0,-1.6,5.8,13.2,14.114,0,68
2011-03-11,0,1.1,6.8999999999999995,12.7,12.489,0,77.5
2011-03-12,0,6.6,9.55,12.5,13.895,0,77
2011-03-13,18.4,8.4,10.2,12,3.91,0,89
2011-03-14,2,8.5,11.25,14,8.429,0,86
2011-03-15,3.2,10.3,11.45,12.6,2.893,0,97
2011-03-16,54.8,10.9,11.3,11.7,1.261,0,96.5
2011-03-17,8,9.9,13.2,16.5,14.635,0,80
2011-03-18,0.2,8.9,12.649999999999999,16.4,10.97,0,79
2011-03-19,0.6,6.7,10.9,15.1,12.006,0,81.5
2011-03-20,0,4.7,9.05,13.4,19.926,0,56
2011-03-21,0,3.8,8.05,12.3,19.028,0,55
2011-03-22,0,4.3,9.7,15.1,19.022,0,56.5
2011-03-23,0,3.2,10.95,18.7,19.421,0,60.5
2011-03-24,0,3.9,11.85,19.8,18.417,0,62.5
2011-03-25,0,4.9,13.5,22.1,18.44,0,64.5
2011-03-26,0,5.8,12.05,18.3,16.14,0,70
2011-03-27,0,10.2,13.65,17.1,12.056,0,73
2011-03-28,2.6,9.8,11.15,12.5,3.157,0,92
2011-03-29,0.2,7.1,12.75,18.4,20.718,0,65.5
2011-03-30,0,4.8,12.25,19.7,20.435,0,63
2011-03-31,0,5.9,13.649999999999999,21.4,19.191,0,65.5
2011-04-01,0,9.7,16.35,23,18.669,0,63.5
2011-04-02,0,8.9,15.8,22.7,19.7,0,66
2011-04-03,0,8.6,16.45,24.3,19.374,0,68.5
2011-04-04,0.2,9.7,15.25,20.8,15.577,0,77.5
2011-04-05,0,9.7,14.7,19.7,21.752,0,59.5
2011-04-06,0,8.6,15.600000000000001,22.6,20.353,0,57.5
2011-04-07,0,9.4,18.1,26.8,20.064,0,61
2011-04-08,0,9.6,18.55,27.5,18.068,0,59.5
2011-04-09,0,9.7,20.85,32,20.666,0,54.5
2011-04-10,0,11.4,17.05,22.7,22.311,0,59
2011-04-11,0,8.5,16.3,24.1,22.392,0,58
2011-04-12,2.8,10.6,16.9,23.2,18.953,0,66
2011-04-13,0,6.6,12.5,18.4,22.217,0,63
2011-04-14,0,7.5,11.95,16.4,13.317,0,66.5
2011-04-15,0,7.2,11.95,16.7,21.953,0,59.5
2011-04-16,0,7.8,13.0,18.2,23.014,0,52.5
2011-04-17,0,9.2,13.75,18.3,24.074,0,46.5
2011-04-18,0,6.8,13.55,20.3,23.66,0,54.5
2011-04-19,0,7.8,14.55,21.3,23.541,0,54.5
2011-04-20,0,7.3,15.3,23.3,23.378,0,57.5
2011-04-21,0,7.1,14.350000000000001,21.6,23.936,0,64
2011-04-22,0,9.1,14.899999999999999,20.7,23.434,0,70.5
2011-04-23,0,12.6,17.5,22.4,14.246,0,65
2011-04-24,0,9.9,16.25,22.6,17.566,0,65.5
2011-04-25,0,9.3,15.55,21.8,22.261,0,69.5
2011-04-26,0,11.7,16.45,21.2,22.486,0,66.5
2011-04-27,0,13.9,17.6,21.3,24.965,0,58.5
2011-04-28,1.4,12.5,16.55,20.6,16.468,0,64.5
2011-04-29,0,10.3,15.3,20.3,21.068,0,65.5
2011-04-30,0,9.7,15.0,20.3,19.298,0,67
2011-05-01,0,9.2,16.45,23.7,23.39,0,64
2011-05-02,0,12.8,17.200000000000003,21.6,24.57,0,64.5
2011-05-03,0,11.9,18.1,24.3,20.692,0,65.5
2011-05-04,8.8,12.3,15.25,18.2,24.47,0,58.5
2011-05-05,0,8.6,13.399999999999999,18.2,23.93,0,59
2011-05-06,0,7.1,14.399999999999999,21.7,26.265,0,61.5
2011-05-07,0,7.1,15.8,24.5,25.442,0,63.5
2011-05-08,0,10.1,18.55,27,23.949,0,63
2011-05-09,0,9.5,15.55,21.6,27.369,0,52.5
2011-05-10,0,10.4,17.95,25.5,26.478,0,49.5
2011-05-11,0,11.4,19.9,28.4,24.394,0,53.5
2011-05-12,0,16.8,22.200000000000003,27.6,22.562,0,57
2011-05-13,0,15.6,20.75,25.9,23.578,0,56
2011-05-14,0,16.8,22.1,27.4,23.516,0,55.5
2011-05-15,15,10.7,14.95,19.2,6.37,0,79
2011-05-16,0,9.5,15.75,22,28.348,0,63
2011-05-17,0,9.2,16.4,23.6,27.47,0,63
2011-05-18,0,13.2,18.95,24.7,27.438,0,57.5
2011-05-19,0,12.3,19.65,27,26.836,0,64
2011-05-20,0,13.2,20.25,27.3,21.802,0,67
2011-05-21,0,14.2,21.45,28.7,26.56,0,62.5
2011-05-22,0,16.7,22.7,28.7,26.748,0,55.5
2011-05-23,0,16.5,22.75,29,27.357,0,57
2011-05-24,0,19.7,25.299999999999997,30.9,27.344,0,50
2011-05-25,1.2,18.9,24.4,29.9,26.089,0,56.5
2011-05-26,0,17,23.5,30,25.781,0,63.5
2011-05-27,0,15.8,21.55,27.3,18.828,0,63.5
2011-05-28,0,13.8,18.450000000000003,23.1,25.348,0,58.5
2011-05-29,0,13.3,19.4,25.5,27.796,0,54.5
2011-05-30,0,13.1,19.8,26.5,28.241,0,54.5
2011-05-31,0,12.7,19.7,26.7,27.244,0,64
2011-06-01,2.6,18.7,21.799999999999997,24.9,16.393,0,72
2011-06-02,0,15.5,20.65,25.8,16.549,0,68
2011-06-03,0,19.3,22.65,26,18.734,0,60
2011-06-04,0,17.9,23.15,28.4,30.557,0,58
2011-06-05,0,17.9,22.25,26.6,26.955,0,67
2011-06-06,16.2,16.5,19.5,22.5,14.259,0,77
2011-06-07,33.6,15.9,17.95,20,5.51,0,85
2011-06-08,2.2,16.6,20.450000000000003,24.3,20.899,0,74.5
2011-06-09,0.6,16,19.2,22.4,15.489,0,77.5
2011-06-10,0,16.2,19.95,23.7,20.943,0,74.5
2011-06-11,1,16.5,20.3,24.1,20.447,0,72
2011-06-12,0,15.2,20.95,26.7,24.288,0,69
2011-06-13,0,17.2,20.75,24.3,11.61,0,72.5
2011-06-14,0,15,21.1,27.2,30.018,0,67
2011-06-15,0,15.5,21.85,28.2,30.206,0,65.5
2011-06-16,0,16,22.7,29.4,29.164,0,65.5
2011-06-17,0,19.7,24.2,28.7,19.323,0,68.5
2011-06-18,0,17.3,23.200000000000003,29.1,23.346,0,69.5
2011-06-19,0.8,15.5,19.25,23,26.139,0,69
2011-06-20,0,14.2,20.45,26.7,31.153,0,61.5
2011-06-21,0,14.8,21.450000000000003,28.1,29.829,0,69
2011-06-22,0,16.5,22.7,28.9,29.064,0,67
2011-06-23,0,19.7,25.45,31.2,27.808,0,66.5
2011-06-24,0,17.5,21.2,24.9,23.045,0,70.5
2011-06-25,0,16.5,21.25,26,31.204,0,50
2011-06-26,0,13.7,20.75,27.8,30.658,0,59
2011-06-27,0,15.3,22.450000000000003,29.6,30.061,0,66.5
2011-06-28,0,17.5,24.25,31,29.227,0,68.5
2011-06-29,0,21.5,26.25,31,29.829,0,61.5
2011-06-30,2,19.5,24.3,29.1,23.34,0,68.5
2011-07-01,2.6,17.9,21.75,25.6,19.317,0,63
2011-07-02,0,13.3,18.700000000000003,24.1,28.957,0,52.5
2011-07-03,0,11.2,19.7,28.2,30.714,0,59
2011-07-04,0,14.9,22.2,29.5,26.334,0,67
2011-07-05,18,19,22.6,26.2,21.639,0,77.5
2011-07-06,0,17.6,22.8,28,28.574,0,74.5
2011-07-07,0,20.7,25.0,29.3,28.43,0,72.5
2011-07-08,0,20.7,25.9,31.1,28.449,0,67.5
2011-07-09,0,20.5,26.35,32.2,29.12,0,63
2011-07-10,0,20,26.1,32.2,28.869,0,66
2011-07-11,0,20.3,26.85,33.4,27.545,0,65.5
2011-07-12,0,21.9,27.3,32.7,27.984,0,66
2011-07-13,0,21.5,26.55,31.6,22.455,0,66.5
2011-07-14,0,20.6,26.900000000000002,33.2,27.877,0,61
2011-07-15,0,21.4,26.299999999999997,31.2,27.582,0,56
2011-07-16,0,18.4,23.6,28.8,24.457,0,67.5
2011-07-17,0.2,17.3,23.5,29.7,21.777,0,68
2011-07-18,0,15.7,23.35,31,26.051,0,57
2011-07-19,9.2,13.1,20.45,27.8,22.342,0,63.5
2011-07-20,2.2,15.9,22.0,28.1,24.783,0,65.5
2011-07-21,0,14.2,21.65,29.1,29.252,0,62
2011-07-22,0,16,22.7,29.4,28.888,0,62
2011-07-23,0.2,17.4,21.75,26.1,19.192,0,66.5
2011-07-24,36.2,12.9,16.15,19.4,10.431,0,74.5
2011-07-25,0.2,12,18.8,25.6,22.242,0,64
2011-07-26,0.2,14.5,19.6,24.7,25.292,0,70
2011-07-27,0,15.5,20.05,24.6,17.56,0,74.5
2011-07-28,0,16.2,21.75,27.3,23.535,0,67.5
2011-07-29,0.2,17.3,23.200000000000003,29.1,25.191,0,67.5
2011-07-30,17.6,16.1,22.6,29.1,24.463,0,67.5
2011-07-31,1.4,17.4,22.25,27.1,25.336,0,74
2011-08-01,0,15.9,22.5,29.1,25.788,0,69.5
2011-08-02,0,18.4,23.85,29.3,24.84,0,70
2011-08-03,0,18.1,23.450000000000003,28.8,20.265,0,76.5
2011-08-04,0,19.9,25.35,30.8,25.593,0,69
2011-08-05,0,18.7,24.15,29.6,26.629,0,68.5
2011-08-06,6.8,19.9,24.5,29.1,22.053,0,73
2011-08-07,3.2,20.6,25.35,30.1,15.407,0,72.5
2011-08-08,0,19.9,25.65,31.4,21.689,0,65.5
2011-08-09,0,17,21.2,25.4,21.476,0,61.5
2011-08-10,0,13.1,19.45,25.8,27.846,0,59
2011-08-11,0,12.2,19.15,26.1,25.568,0,65.5
2011-08-12,0,12.9,21.15,29.4,25.248,0,66
2011-08-13,0,17.2,23.75,30.3,25.361,0,64
2011-08-14,0,16.8,23.9,31,25.242,0,64
2011-08-15,0,18.7,23.75,28.8,18.79,0,72
2011-08-16,0,18.2,24.15,30.1,25.687,0,64.5
2011-08-17,0,19.6,25.450000000000003,31.3,25.38,0,59
2011-08-18,0,17.7,25.75,33.8,24.52,0,62
2011-08-19,0,18.9,27.849999999999998,36.8,23.812,0,58.5
2011-08-20,0,20.5,27.6,34.7,24.093,0,64
2011-08-21,0,20.1,27.6,35.1,23.804,0,66
2011-08-22,0,20.4,28.95,37.5,23.403,0,60.5
2011-08-23,0,20.4,28.5,36.6,22.85,0,62.5
2011-08-24,0,22.1,28.5,34.9,21.338,0,69
2011-08-25,0,23.1,28.650000000000002,34.2,20.447,0,67.5
2011-08-26,0,21.4,27.55,33.7,21.79,0,67
2011-08-27,0,15.6,24.55,33.5,19.079,0,52.5
2011-08-28,0,17.4,22.75,28.1,23.447,0,60.5
2011-08-29,0,16,23.2,30.4,22.738,0,53.5
2011-08-30,0,17.9,23.549999999999997,29.2,20.397,0,64.5
2011-08-31,0,18.7,24.049999999999997,29.4,17.905,0,67
2011-09-01,0,19.4,25.4,31.4,18.238,0,60.5
2011-09-02,0,19.9,25.1,30.3,16.625,0,68
2011-09-03,0,19.3,25.4,31.5,18.144,0,70
2011-09-04,34.6,19.6,24.6,29.6,8.987,0,71.5
2011-09-05,2.4,18.5,22.2,25.9,12.859,0,75
2011-09-06,4,18.2,22.85,27.5,16.831,0,68.5
2011-09-07,0,15.6,21.6,27.6,17.165,0,73
2011-09-08,0,19.4,23.5,27.6,12.564,0,77
2011-09-09,0,18,22.75,27.5,16.016,0,82
2011-09-10,0,17.9,24.049999999999997,30.2,19.098,0,73.5
2011-09-11,0,19.3,24.450000000000003,29.6,17.61,0,74
2011-09-12,6.2,20.2,25.15,30.1,9.684,0,80
2011-09-13,0,19.5,25.65,31.8,19.355,0,68.5
2011-09-14,0,18.6,24.9,31.2,17.353,0,72.5
2011-09-15,0,20.5,25.0,29.5,18.821,0,72.5
2011-09-16,0,18.6,24.450000000000003,30.3,17.805,0,67.5
2011-09-17,0,18.2,24.35,30.5,17.328,0,71
2011-09-18,6.4,17.8,22.9,28,11.554,0,70.5
2011-09-19,5.4,14.1,17.55,21,11.102,0,73.5
2011-09-20,0.6,13.5,19.75,26,17.598,0,58.5
2011-09-21,0,12.3,20.3,28.3,18.759,0,63.5
2011-09-22,0,15.1,21.8,28.5,14.66,0,69.5
2011-09-23,0,15.4,20.65,25.9,16.405,0,68
2011-09-24,0,13.6,20.3,27,17.522,0,69
2011-09-25,0,13.8,20.75,27.7,17.874,0,67.5
2011-09-26,0,13.8,20.700000000000003,27.6,18.081,0,64
2011-09-27,0,14.5,20.8,27.1,17.641,0,59
2011-09-28,0,17,21.95,26.9,17.246,0,55
2011-09-29,0,16,21.15,26.3,16.575,0,53
2011-09-30,0,13.1,20.05,27,17.748,0,61
2011-10-01,0,13.3,20.700000000000003,28.1,17.284,0,60
2011-10-02,0,12.3,20.200000000000003,28.1,16.976,0,65
2011-10-03,0,13.1,21.15,29.2,16.75,0,61.5
2011-10-04,0,12.5,20.75,29,15.84,0,64.5
2011-10-05,0,12.8,20.8,28.8,14.604,0,69
2011-10-06,0,12.7,19.9,27.1,14.083,0,69.5
2011-10-07,15.2,7.9,14.149999999999999,20.4,5.805,0,79.5
2011-10-08,0.2,5.5,11.7,17.9,12.564,0,69.5
2011-10-09,0,6.8,13.25,19.7,16.562,0,54
2011-10-10,0,7.6,13.649999999999999,19.7,14.617,0,60
2011-10-11,0,7.5,14.6,21.7,12.188,0,75.5
2011-10-12,0,8.1,15.8,23.5,13.161,0,72.5
2011-10-13,0,10.8,16.450000000000003,22.1,14.183,0,74.5
2011-10-14,0,10.1,13.5,16.9,14.667,0,51
2011-10-15,0,6.1,11.100000000000001,16.1,15.727,0,49
2011-10-16,0,4.1,9.399999999999999,14.7,14.579,0,61.5
2011-10-17,0,2.7,9.65,16.6,14.566,0,61
2011-10-18,0,2.3,10.05,17.8,13.637,0,68
2011-10-19,1,9.8,12.5,15.2,4.519,0,82
2011-10-20,35.4,7.8,10.15,12.5,4.431,0,83
2011-10-21,0,6.2,10.3,14.4,14.303,0,58
2011-10-22,0,4.9,9.4,13.9,13.769,0,58
2011-10-23,0,4.8,9.3,13.8,13.393,0,63.5
2011-10-24,1.6,6.4,9.65,12.9,6.006,0,74
2011-10-25,22.4,9.5,12.15,14.8,1.236,0,92.5
2011-10-26,12.8,10.4,13.350000000000001,16.3,3.709,0,92.5
2011-10-27,0.2,9.1,13.100000000000001,17.1,8.221,0,87
2011-10-28,0.4,8.1,12.7,17.3,8.253,0,84.5
2011-10-29,0.2,6.7,12.2,17.7,9.313,0,82.5
2011-10-30,0.2,8.4,12.55,16.7,6.326,0,79.5
2011-10-31,0,5.4,11.25,17.1,10.217,0,80.5
2011-11-01,0,5.6,11.0,16.4,9.376,0,81.5
2011-11-02,0,8.7,12.4,16.1,5.975,0,79.5
2011-11-03,0,10.6,12.85,15.1,4.224,0,79
2011-11-04,3.6,11,12.55,14.1,1.268,0,88
2011-11-05,3.6,14.1,15.850000000000001,17.6,2.385,0,93
2011-11-06,31.6,13.5,15.0,16.5,0.778,0,88
2011-11-07,16.2,12.4,13.850000000000001,15.3,3.853,0,89
2011-11-08,25,12.1,14.149999999999999,16.2,3.904,0,91.5
2011-11-09,0,8.5,14.15,19.8,9.841,0,78
2011-11-10,0.2,6.3,11.8,17.3,9.696,0,83
2011-11-11,0.2,7,9.95,12.9,3.452,0,74.5
2011-11-12,0,3.5,7.8,12.1,10.004,0,68.5
2011-11-13,0,2,8.75,15.5,9.903,0,68.5
2011-11-14,0,1.8,8.55,15.3,10.035,0,66.5
2011-11-15,0,-0.7,5.6000000000000005,11.9,9.872,0,81.5
2011-11-16,0,-0.3,6.6,13.5,9.564,0,72
2011-11-17,0,-1.2,4.800000000000001,10.8,9.219,0,81.5
2011-11-18,0,-1.1,3.1500000000000004,7.4,6.496,0,91.5
2011-11-19,0,-2,2.3,6.6,6.565,0,91.5
2011-11-20,0,-0.4,1.6500000000000001,3.7,3.659,0,99
2011-11-21,0,2.4,4.9,7.4,2.09,0,93.5
2011-11-22,0,5.3,9.4,13.5,4.788,0,72
2011-11-23,0,3.2,8.6,14,8.353,0,68.5
2011-11-24,0,4.4,8.75,13.1,8.535,0,63
2011-11-25,0,0.9,7.7,14.5,8.579,0,67
2011-11-26,0,-0.6,6.15,12.9,8.033,0,72
2011-11-27,0,-0.8,3.8000000000000003,8.4,7.085,0,84
2011-11-28,0,-1.5,4.95,11.4,5.824,0,85
2011-11-29,0,1.4,8.7,16,8.435,0,68
2011-11-30,0,-1.3,6.0,13.3,7.387,0,74.5
2011-12-01,0,-1,4.5,10,7.311,0,82
2011-12-02,0.2,4.6,6.8,9,2.19,0,88
2011-12-03,5,6,7.8,9.6,2.153,0,91
2011-12-04,0.2,7.3,7.949999999999999,8.6,1.199,0,97
2011-12-05,0,6.6,8.3,10,1.814,0,95
2011-12-06,0,2.8,7.550000000000001,12.3,7.198,0,76.5
2011-12-07,0,-0.3,4.6,9.5,6.652,0,81
2011-12-08,0,-1.2,5.300000000000001,11.8,7.217,0,77
2011-12-09,0,2,5.35,8.7,2.435,0,78.5
2011-12-10,0.6,5,6.65,8.3,1.883,0,81
2011-12-11,0,2.8,6.699999999999999,10.6,3.345,0,84.5
2011-12-12,8,6.4,7.8500000000000005,9.3,1.142,0,93.5
2011-12-13,0.6,2.5,7.1,11.7,4.939,0,85
2011-12-14,0.2,3.4,5.8500000000000005,8.3,1.224,0,94.5
2011-12-15,0,3.9,5.65,7.4,1.305,0,93
2011-12-16,3,2.2,4.800000000000001,7.4,0.872,0,96
2011-12-17,0,1.1,6.0,10.9,5.008,0,64
2011-12-18,0,-1.2,3.1999999999999997,7.6,5.127,0,72
2011-12-19,0,-0.5,4.6,9.7,6.973,0,57
2011-12-20,0,-3.5,1.85,7.2,5.761,0,63
2011-12-21,0,-3.7,0.6499999999999999,5,5.937,0,72
2011-12-22,0,-2.9,3.95,10.8,6.326,0,62
2011-12-23,0,-2,3.0999999999999996,8.2,7.311,0,72
2011-12-24,1.2,-2,0.95,3.9,0.741,0,87.5
2011-12-25,0,-0.2,5.550000000000001,11.3,7.569,0,65.5
2011-12-26,0,-1.5,3.6500000000000004,8.8,7.28,0,71
2011-12-27,0,0.9,6.5,12.1,7.324,0,74.5
2011-12-28,0,-1.5,4.4,10.3,6.797,0,80.5
2011-12-29,4.4,-1.2,3.05,7.3,2.68,0,88
2011-12-30,0,-1.9,2.3,6.5,4.199,0,89.5
2011-12-31,0,-2.6,1.5999999999999999,5.8,5.146,0,89
2012-01-01,0,-1.4,3.95,9.3,7.211,0,76
2012-01-02,3.2,-0.5,2.65,5.8,1.632,0,88.5
2012-01-03,4.6,1.1,5.85,10.6,3.019,0,85.5
2012-01-04,0,-1.3,1.8000000000000003,4.9,2.849,0,97.5
2012-01-05,0,-0.3,1.35,3,2.41,0,97
2012-01-06,0,-0.4,5.95,12.3,7.889,0,61.5
2012-01-07,0,-0.7,4.25,9.2,6.477,0,63
2012-01-08,0,-1.8,5.949999999999999,13.7,8.19,0,70.5
2012-01-09,0,-2.7,3.6999999999999997,10.1,7.362,0,72.5
2012-01-10,0,-1.5,4.75,11,7.776,0,70
2012-01-11,0,-1.7,4.9,11.5,7.92,0,70
2012-01-12,0,-2,3.55,9.1,6.998,0,81
2012-01-13,0,-1.3,3.6999999999999997,8.7,7.092,0,79
2012-01-14,0,-3.2,3.3000000000000003,9.8,8.152,0,74.5
2012-01-15,0,-5.9,1.1499999999999995,8.2,8.052,0,67.5
2012-01-16,0,-5.7,0.3999999999999999,6.5,4.745,0,74.5
2012-01-17,0,-4.7,-2.7,-0.7,2.705,0,94.5
2012-01-18,0,-3.6,-2.25,-0.9,2.586,0,95
2012-01-19,0,-3.4,-2.45,-1.5,1.029,0,95.5
2012-01-20,0,-4,-1.55,0.9,2.184,0,96.5
2012-01-21,0,-2.1,4.3500000000000005,10.8,8.09,0,73
2012-01-22,0,-2.7,2.85,8.4,6.86,0,79.5
2012-01-23,0,-1.6,4.8,11.2,6.872,0,78
2012-01-24,0,-2.1,4.45,11,7.475,0,78
2012-01-25,0,-3.5,3.4000000000000004,10.3,9.665,0,59.5
2012-01-26,0,-3.9,2.6499999999999995,9.2,9.59,0,66.5
2012-01-27,0,-1.7,2.8,7.3,9.207,0,63
2012-01-28,0,-1.8,2.15,6.1,5.83,0,65.5
2012-01-29,0,-0.4,2.4499999999999997,5.3,8.698,0,54.5
2012-01-30,0,-2.1,1.2499999999999998,4.6,9.326,0,50.5
2012-01-31,0,-1.9,-0.29999999999999993,1.3,3.238,0,41
2012-02-01,0,-1.2,0.7500000000000001,2.7,1.833,0,61.5
2012-02-02,0,-2.3,-0.4999999999999999,1.3,5.341,0,33.5
2012-02-03,0,-5,-2.6,-0.2,9.79,0,35
2012-02-04,0,-3.9,-2.45,-1,3.728,0,53
2012-02-05,0,-6.2,-3.0500000000000003,0.1,10.318,0,41.5
2012-02-06,0,-7.4,-3.2,1,10.807,0,42
2012-02-07,0.2,-2.4,0.55,3.5,5.234,0,60.5
2012-02-08,0,-1.6,2.4000000000000004,6.4,8.052,0,33
2012-02-09,0,-7,0.1499999999999999,7.3,11.215,0,40.5
2012-02-10,0,-3.5,-1.7,0.1,4.933,0,64
2012-02-11,0.2,-4.6,-1.9,0.8,6.219,0,39
2012-02-12,0.2,-4.8,-1.5499999999999998,1.7,9.916,0,67
2012-02-13,0,-4.3,0.25,4.8,11.962,0,54.5
2012-02-14,0,-7.4,-0.5500000000000003,6.3,11.993,0,61
2012-02-15,0,-5.6,3.0,11.6,11.786,0,55
2012-02-16,0,-3.8,3.6,11,13.148,0,61
2012-02-17,0,-2.1,4.3500000000000005,10.8,11.924,0,61.5
2012-02-18,0,-2.2,4.050000000000001,10.3,11.937,0,66.5
2012-02-19,2.4,2.8,4.85,6.9,2.303,0,82
2012-02-20,22,2.1,3.8499999999999996,5.6,2.247,0,80.5
2012-02-21,0,1.2,5.85,10.5,14.686,0,59.5
2012-02-22,0,-0.8,6.449999999999999,13.7,15.018,0,61.5
2012-02-23,0,-0.2,7.0,14.2,13.481,0,62.5
2012-02-24,0,1.2,9.299999999999999,17.4,13.393,0,67.5
2012-02-25,0,2.7,9.549999999999999,16.4,11.698,0,71
2012-02-26,0,1.1,8.0,14.9,10.594,0,68.5
2012-02-27,0,0.9,6.05,11.2,13.462,0,74
2012-02-28,0,2.1,7.45,12.8,15.087,0,66.5
2012-02-29,0,1,7.85,14.7,14.453,0,72
2012-03-01,0,2.5,10.9,19.3,15.439,0,68
2012-03-02,0,2.9,10.45,18,14.46,0,73.5
2012-03-03,0,4,11.55,19.1,13.763,0,71.5
2012-03-04,0,6.3,10.45,14.6,4.657,0,65.5
2012-03-05,0,8.4,10.25,12.1,6.295,0,55.5
2012-03-06,0,3.9,8.4,12.9,12.916,0,51
2012-03-07,0,2.3,7.1,11.9,16.675,0,47.5
2012-03-08,0,0.1,6.7,13.3,16.085,0,59
2012-03-09,0,5.1,9.149999999999999,13.2,17.754,0,43
2012-03-10,0,3.1,8.3,13.5,18.395,0,41.5
2012-03-11,0,0.8,8.6,16.4,17.478,0,50.5
2012-03-12,0,1.4,9.149999999999999,16.9,18.206,0,61
2012-03-13,0,1.4,9.45,17.5,18.049,0,65
2012-03-14,0,2.4,10.5,18.6,18.238,0,64.5
2012-03-15,0,3.6,11.100000000000001,18.6,17.899,0,69.5
2012-03-16,0,4.5,12.2,19.9,17.196,0,66.5
2012-03-17,0,7.6,11.6,15.6,14.66,0,80
2012-03-18,0,9.1,12.55,16,16.386,0,78
2012-03-19,1.2,9.1,12.25,15.4,10.713,0,82.5
2012-03-20,0,7.3,13.200000000000001,19.1,17.215,0,70
2012-03-21,0,7.1,14.600000000000001,22.1,18.991,0,57
2012-03-22,0,6.2,14.7,23.2,19.648,0,54.5
2012-03-23,0,6.3,13.450000000000001,20.6,16.731,0,62.5
2012-03-24,0,6.3,14.3,22.3,19.079,0,61.5
2012-03-25,0,7.9,15.149999999999999,22.4,17.962,0,54.5
2012-03-26,0,6.6,15.100000000000001,23.6,20.346,0,54.5
2012-03-27,0,6.2,13.95,21.7,20.541,0,70
2012-03-28,0,5,14.95,24.9,20.848,0,70
2012-03-29,0,7.2,16.25,25.3,20.035,0,70
2012-03-30,0,6.5,14.1,21.7,20.516,0,67.5
2012-03-31,0,7.5,13.8,20.1,18.231,0,71
2012-04-01,0.2,7.4,10.95,14.5,14.278,0,68
2012-04-02,0,8.6,12.5,16.4,19.895,0,52.5
2012-04-03,2.6,7.4,12.3,17.2,14.811,0,77
2012-04-04,3,11.9,14.05,16.2,7.952,0,87
2012-04-05,1.8,13.4,15.100000000000001,16.8,5.56,0,89
2012-04-06,0.2,9.4,15.0,20.6,18.005,0,73.5
2012-04-07,0.4,9.3,15.200000000000001,21.1,17.453,0,66.5
2012-04-08,7.8,4.8,8.45,12.1,7.732,0,74.5
2012-04-09,0,1.5,6.8,12.1,18.583,0,62.5
2012-04-10,1.2,3.1,8.5,13.9,19.574,0,68
2012-04-11,17,7.3,9.3,11.3,2.423,0,90.5
2012-04-12,0,4.7,10.25,15.8,20.136,0,75.5
2012-04-13,8.8,9.4,10.9,12.4,5.454,0,85
2012-04-14,0,9.6,12.75,15.9,9.897,0,68.5
2012-04-15,9,10.1,11.399999999999999,12.7,6.69,0,88
2012-04-16,2.8,8.7,13.1,17.5,16.267,0,74
2012-04-17,0,7.6,12.25,16.9,25.436,0,58.5
2012-04-18,0.2,6.4,11.05,15.7,19.549,0,65
2012-04-19,10.2,8.2,12.05,15.9,15.244,0,76
2012-04-20,2.8,9.3,12.75,16.2,20.679,0,74.5
2012-04-21,0.2,7.2,13.45,19.7,24.344,0,69.5
2012-04-22,0.6,8.6,14.149999999999999,19.7,14.554,0,66
2012-04-23,2.2,6.6,11.5,16.4,14.165,0,78.5
2012-04-24,6.4,9.8,14.15,18.5,14.855,0,66
2012-04-25,0,6.9,13.45,20,25.009,0,68.5
2012-04-26,0,6.6,13.75,20.9,27.018,0,62.5
2012-04-27,0,8.4,16.0,23.6,25.7,0,69
2012-04-28,0,10.9,19.1,27.3,26.434,0,62.5
2012-04-29,0,13.8,18.3,22.8,14.196,0,73.5
2012-04-30,0,14.5,19.6,24.7,20.648,0,66.5
2012-05-01,1,13.3,19.450000000000003,25.6,18.338,0,66.5
2012-05-02,0,12,17.5,23,27.928,0,64.5
2012-05-03,0,11.1,17.5,23.9,25.455,0,62
2012-05-04,0,11.9,18.05,24.2,23.76,0,65
2012-05-05,0.6,11.6,17.3,23,19.543,0,61
2012-05-06,2,12.8,16.950000000000003,21.1,14.943,0,75.5
2012-05-07,0,11.4,15.95,20.5,28.141,0,67.5
2012-05-08,0,9.4,17.05,24.7,26.817,0,64.5
2012-05-09,0,12.9,19.05,25.2,22.223,0,62
2012-05-10,0,12.8,20.9,29,26.208,0,63
2012-05-11,0,14.1,22.25,30.4,25.154,0,62.5
2012-05-12,0,15,22.95,30.9,25.173,0,64.5
2012-05-13,12.8,12.1,17.5,22.9,10.638,0,68
2012-05-14,0,10.2,13.799999999999999,17.4,29.597,0,55
2012-05-15,0,7.6,14.149999999999999,20.7,27.821,0,62
2012-05-16,7,8.3,11.600000000000001,14.9,23.309,0,68.5
2012-05-17,0,5.7,13.25,20.8,30.269,0,52
2012-05-18,0,8.2,13.5,18.8,25.323,0,63
2012-05-19,0,8.4,15.600000000000001,22.8,25.235,0,62
2012-05-20,5,10.7,15.6,20.5,12.338,0,71.5
2012-05-21,45.4,11.6,13.75,15.9,2.824,0,92.5
2012-05-22,0,11.5,16.1,20.7,16.976,0,72.5
2012-05-23,0,15.3,20.9,26.5,20.321,0,73
2012-05-24,0.2,18.1,24.450000000000003,30.8,25.367,0,62
2012-05-25,0,16.2,20.549999999999997,24.9,24.884,0,65
2012-05-26,4.8,15.5,19.5,23.5,17.541,0,65
2012-05-27,0,15.6,20.35,25.1,24.551,0,60
2012-05-28,0.6,16.3,20.65,25,24.689,0,57.5
2012-05-29,5.6,13.9,20.55,27.2,27.946,0,63.5
2012-05-30,0,14.8,21.4,28,29.02,0,66.5
2012-05-31,2.4,17.1,21.55,26,21.846,0,69
2012-06-01,0,17.5,21.85,26.2,17.158,0,76.5
2012-06-02,0,19.9,22.75,25.6,18.89,0,77
2012-06-03,0,19.2,23.299999999999997,27.4,17.773,0,75.5
2012-06-04,5.4,14,17.55,21.1,8.127,0,81.5
2012-06-05,0,12.6,19.05,25.5,29.484,0,70.5
2012-06-06,0,16.4,20.0,23.6,25.016,0,76.5
2012-06-07,0,16.5,21.65,26.8,18.464,0,77.5
2012-06-08,0,17.7,21.799999999999997,25.9,20.98,0,70
2012-06-09,0.2,18.5,22.25,26,17.993,0,77
2012-06-10,0,17.5,21.95,26.4,20.761,0,67
2012-06-11,3.6,15.2,20.35,25.5,19.895,0,73.5
2012-06-12,0.8,14.1,19.55,25,24.2,0,65
2012-06-13,20.4,11.4,18.65,25.9,21.489,0,70
2012-06-14,0,12.8,19.6,26.4,29.402,0,66
2012-06-15,0,13.5,20.15,26.8,28.9,0,72.5
2012-06-16,0,14.6,22.05,29.5,29.39,0,68
2012-06-17,0,15.8,23.450000000000003,31.1,29.151,0,67.5
2012-06-18,0,18.8,26.35,33.9,28.612,0,62
2012-06-19,0,19.2,27.25,35.3,27.25,0,65.5
2012-06-20,0,19.9,26.65,33.4,25.681,0,71
2012-06-21,0,21.4,27.65,33.9,27.783,0,61.5
2012-06-22,0,20.6,26.5,32.4,29.258,0,64.5
2012-06-23,0,22.5,26.1,29.7,23.867,0,60
2012-06-24,0,20,25.85,31.7,27.306,0,61
2012-06-25,0,19.3,25.65,32,23.497,0,68.5
2012-06-26,0,18.4,23.45,28.5,28.938,0,66.5
2012-06-27,0,16.4,23.0,29.6,29.208,0,62
2012-06-28,0,18.5,24.35,30.2,28.725,0,62.5
2012-06-29,0,19.7,25.6,31.5,27.513,0,66.5
2012-06-30,0,22.2,29.0,35.8,26.767,0,59.5
2012-07-01,0,21.7,27.65,33.6,24.558,0,75
2012-07-02,0,23.8,28.75,33.7,23.798,0,66
2012-07-03,0,21.5,26.9,32.3,26.804,0,63
2012-07-04,0,17.9,24.75,31.6,27.746,0,64.5
2012-07-05,0,18.9,25.95,33,24.175,0,71.5
2012-07-06,0.2,20,25.6,31.2,18.803,0,68
2012-07-07,0,17.8,24.9,32,27.099,0,65
2012-07-08,0,17.4,24.95,32.5,28.204,0,69
2012-07-09,0,17.2,25.35,33.5,28.731,0,64.5
2012-07-10,0,21.2,27.450000000000003,33.7,27.859,0,63.5
2012-07-11,0,21.7,27.15,32.6,26.447,0,59.5
2012-07-12,0,19.1,25.15,31.2,26.961,0,64
2012-07-13,0,21.6,25.65,29.7,25.442,0,63
2012-07-14,0,17.9,24.799999999999997,31.7,19.631,0,68
2012-07-15,0,19.1,23.85,28.6,23.729,0,71
2012-07-16,0.2,15.3,21.700000000000003,28.1,28.769,0,56.5
2012-07-17,0,15.3,21.8,28.3,28.442,0,64.5
2012-07-18,0,16.2,23.6,31,27.495,0,67.5
2012-07-19,0,17.6,24.6,31.6,27.457,0,75
2012-07-20,0,20.4,26.9,33.4,25.48,0,65.5
2012-07-21,0,18.7,22.25,25.8,17.987,0,73.5
2012-07-22,0,17.9,22.1,26.3,26.635,0,54
2012-07-23,0,18.4,23.35,28.3,22.022,0,48
2012-07-24,0,19.3,24.700000000000003,30.1,15.84,0,57.5
2012-07-25,0,17.3,23.5,29.7,23.66,0,71.5
2012-07-26,0,16.9,24.849999999999998,32.8,26.214,0,70.5
2012-07-27,0,19.1,26.1,33.1,25.988,0,75
2012-07-28,0,20.1,26.35,32.6,24.714,0,69
2012-07-29,0,18.6,26.35,34.1,26.403,0,65
2012-07-30,0,20.6,25.950000000000003,31.3,26.993,0,63.5
2012-07-31,0,19.9,25.7,31.5,25.085,0,56.5
2012-08-01,0,18.9,26.25,33.6,26.823,0,57
2012-08-02,0,17.9,26.349999999999998,34.8,25.7,0,63
2012-08-03,0,20.7,27.049999999999997,33.4,24.325,0,64
2012-08-04,0,21.2,27.200000000000003,33.2,25.762,0,62.5
2012-08-05,0,21,27.15,33.3,24.815,0,70
2012-08-06,0,23.6,28.55,33.5,18.382,0,73.5
2012-08-07,0,19.8,26.200000000000003,32.6,23.271,0,67.5
2012-08-08,0,20,26.1,32.2,25.838,0,64.5
2012-08-09,3,20,26.0,32,23.98,0,68
2012-08-10,1,18.3,24.4,30.5,25.675,0,66
2012-08-11,6.6,17.5,23.85,30.2,25.373,0,69.5
2012-08-12,0,16.9,21.5,26.1,24.984,0,74.5
2012-08-13,0,17.8,23.35,28.9,25.725,0,62.5
2012-08-14,0,18.4,23.85,29.3,23.591,0,70
2012-08-15,0,18,24.65,31.3,23.861,0,70.5
2012-08-16,0,19.9,25.799999999999997,31.7,20.001,0,73
2012-08-17,0,19,26.0,33,25.016,0,58.5
2012-08-18,0,18.6,26.05,33.5,24.777,0,61
2012-08-19,0,18.4,26.599999999999998,34.8,24.275,0,62.5
2012-08-20,0,19,26.9,34.8,24.062,0,60.5
2012-08-21,0,18.2,26.9,35.6,23.365,0,61
2012-08-22,0,19.1,28.25,37.4,21.981,0,56.5
2012-08-23,0,22.8,28.75,34.7,23.29,0,62.5
2012-08-24,0,22.3,29.200000000000003,36.1,21.884,0,62.5
2012-08-25,0,19.8,27.9,36,22.675,0,61.5
2012-08-26,9,14,22.75,31.5,11.83,0,62
2012-08-27,0,13.3,20.950000000000003,28.6,24.991,0,58.5
2012-08-28,0,12.8,21.75,30.7,22.549,0,60.5
2012-08-29,0,14.2,23.0,31.8,22.235,0,64.5
2012-08-30,0,18.3,24.6,30.9,18.005,0,64
2012-08-31,21,17,20.7,24.4,9.677,0,83.5
2012-09-01,0.2,16.4,20.35,24.3,13.28,0,74
2012-09-02,5.8,16.4,21.7,27,19.261,0,73.5
2012-09-03,1.6,18.6,21.450000000000003,24.3,5.102,0,79
2012-09-04,14,17.6,23.05,28.5,14.491,0,73
2012-09-05,0.8,18.1,22.1,26.1,9.721,0,79.5
2012-09-06,0,17.2,23.2,29.2,20.604,0,66.5
2012-09-07,0,16.9,22.75,28.6,17.867,0,72
2012-09-08,0,15.3,23.0,30.7,20.987,0,62
2012-09-09,0,14.7,22.25,29.8,21.834,0,60
2012-09-10,0,15.4,23.75,32.1,18.439,0,64.5
2012-09-11,0,16,23.4,30.8,18.395,0,64
2012-09-12,25.2,14.5,21.15,27.8,9.307,0,72.5
2012-09-13,2,13.9,16.6,19.3,10.713,0,72
2012-09-14,0,14.8,20.4,26,19.568,0,58
2012-09-15,0,13.3,19.0,24.7,20.911,0,62.5
2012-09-16,0,13.7,18.9,24.1,19.669,0,65.5
2012-09-17,0,14,19.45,24.9,18.495,0,64.5
2012-09-18,0,12.1,19.7,27.3,18.407,0,67
2012-09-19,7,14.3,18.55,22.8,7.18,0,82
2012-09-20,0.2,11.1,15.95,20.8,20.302,0,67
2012-09-21,0,9.3,15.85,22.4,18.846,0,66
2012-09-22,0,9.5,16.95,24.4,18.087,0,68
2012-09-23,0,16.9,20.35,23.8,11.868,0,73
2012-09-24,13,16,20.25,24.5,8.805,0,85
2012-09-25,0.2,14.1,20.15,26.2,17.284,0,78
2012-09-26,15,16.9,21.7,26.5,10.01,0,79
2012-09-27,0,15.2,21.0,26.8,13.97,0,64.5
2012-09-28,0,11.6,18.0,24.4,12.709,0,70
2012-09-29,1.2,16.8,18.25,19.7,3.163,0,86.5
2012-09-30,9,16.4,19.35,22.3,7.286,0,89
2012-10-01,12,16.9,20.5,24.1,13.06,0,80
2012-10-02,0.2,16.8,20.8,24.8,12.552,0,79.5
2012-10-03,0,14.6,19.75,24.9,13.048,0,78
2012-10-04,0.2,12.9,18.45,24,12.872,0,77.5
2012-10-05,0,13.5,18.9,24.3,11.761,0,78
2012-10-06,0,15.3,20.05,24.8,12.84,0,79
2012-10-07,0,16.1,20.65,25.2,13.587,0,76.5
2012-10-08,0,16.3,18.0,19.7,8.441,0,76
2012-10-09,0.4,14.5,17.35,20.2,7.28,0,70.5
2012-10-10,0,13.7,15.85,18,3.904,0,90.5
2012-10-11,0.4,13.6,16.45,19.3,8.052,0,77.5
2012-10-12,0.2,12.7,16.95,21.2,8.742,0,76.5
2012-10-13,0.2,12.7,16.7,20.7,8.341,0,81
2012-10-14,0,9.1,13.600000000000001,18.1,8.435,0,83
2012-10-15,11,12.1,15.2,18.3,3.05,0,92
2012-10-16,0.6,9.5,13.95,18.4,13.895,0,76.5
2012-10-17,0.2,8.2,13.45,18.7,6.96,0,80
2012-10-18,0,8.9,14.8,20.7,12.897,0,77.5
2012-10-19,0.4,7.9,13.600000000000001,19.3,11.554,0,81
2012-10-20,0.2,7.9,13.75,19.6,10.537,0,82.5
2012-10-21,0.2,9.9,14.850000000000001,19.8,8.554,0,83.5
2012-10-22,0.2,8.6,15.149999999999999,21.7,12.558,0,77
2012-10-23,0.2,8,15.05,22.1,13.349,0,71
2012-10-24,0,7.3,13.950000000000001,20.6,12.699,0,72.5
2012-10-25,0,7.75,12.625,17.5,11.621,0,76
2012-10-26,36,8.2,11.3,14.4,1.854,0,92
2012-10-27,8.4,12.8,14.3,15.8,2.987,0,98
2012-10-28,27.4,5.8,9.75,13.7,1.92,0,86.5
2012-10-29,0.2,3.7,7.15,10.6,8.366,0,74
2012-10-30,0,1.7,6.8999999999999995,12.1,11.397,0,72.5
2012-10-31,38,7,10.1,13.2,6.383,0,74
2012-11-01,11.2,7.5,11.15,14.8,5.78,0,86.5
2012-11-02,0.2,6.9,12.3,17.7,9.776,0,83.5
2012-11-03,0.4,8.5,10.85,13.2,2.761,0,95.5
2012-11-04,8.2,11.3,12.55,13.8,1.243,0,96
2012-11-05,1.6,9.4,13.850000000000001,18.3,10.826,0,82.5
2012-11-06,0,6.5,12.25,18,10.042,0,68.5
2012-11-07,0,4.6,10.0,15.4,11.29,0,72.5
2012-11-08,0,3,9.15,15.3,9.45,0,76
2012-11-09,0,2.9,8.65,14.4,7.821,0,81.5
2012-11-10,0,7.6,10.3,13,2.19,0,88
2012-11-11,22.4,12.2,15.7,19.2,2.159,0,89
2012-11-12,4.8,11.6,12.1,12.6,0.929,0,100
2012-11-13,0.2,11,13.5,16,3.138,0,88
2012-11-14,0,7.7,11.55,15.4,9.809,0,69.5
2012-11-15,0,4.7,8.75,12.8,9.715,0,67.5
2012-11-16,0,3.5,8.25,13,8.661,0,76
2012-11-17,0,1.5,6.65,11.8,7.38,0,78.5
2012-11-18,0,3.1,6.0,8.9,1.651,0,93.5
2012-11-19,0,4.5,8.7,12.9,1.833,0,92
2012-11-20,0,6.2,10.15,14.1,5.943,0,76.5
2012-11-21,0,5.75,9.9,14.05,5.328,0,70
2012-11-22,0,5.3,9.65,14,4.713,0,81.5
2012-11-23,0,7,11.65,16.3,7.302,0,80
2012-11-24,0,5.6,7.8,10,3.602,0,100
2012-11-25,0,6.2,8.25,10.3,1.952,0,100
2012-11-26,0,9.5,10.8,12.1,1.676,0,93.5
2012-11-27,22,8.7,10.7,12.7,1.123,0,98.5
2012-11-28,14.4,10.5,12.65,14.8,0.69,0,96.5
2012-11-29,0,9,11.75,14.5,7.493,0,78
2012-11-30,5.8,6.1,8.1,10.1,1.764,0,75
2012-12-01,0,5.7,7.199999999999999,8.7,2.51,0,75
2012-12-02,2.4,2.8,4.9,7,1.864,0,88
2012-12-03,0.2,0.1,5.35,10.6,8.585,0,62.5
2012-12-04,0.2,-0.4,2.15,4.7,1.155,0,81.5
2012-12-05,0,-0.2,3.25,6.7,4.035,0,86.5
2012-12-06,0,-0.4,4.1,8.6,7.813,0,73.5
2012-12-07,1.2,-0.1,2.0500000000000003,4.2,3.339,0,76.5
2012-12-08,2.4,-1,1.5499999999999998,4.1,2.824,0,82.5
2012-12-09,0,-5,0.10000000000000009,5.2,8.102,0,84.5
2012-12-10,0,-4.7,0.2999999999999998,5.3,6.985,0,72.5
2012-12-11,0,-4.7,1.2999999999999998,7.3,8.686,0,70
2012-12-12,0,-3.3,1.9,7.1,8.096,0,63
2012-12-13,0,-5,-1.0,3,2.466,0,67
2012-12-14,11.2,0.3,1.45,2.6,0.966,0,77
2012-12-15,8.6,0.7,1.7000000000000002,2.7,1.067,0,100
2012-12-16,0,1.4,4.0,6.6,2.372,0,100
2012-12-17,0,-0.4,4.35,9.1,4.217,0,87.5
2012-12-18,0,-0.6,2.85,6.3,4.242,0,100
2012-12-19,0,-1.9,0.55,3,3.37,0,100
2012-12-20,1.2,-1.3,0.9500000000000001,3.2,3.138,0,100
2012-12-21,6.4,-0.4,2.05,4.5,1.443,0,100
2012-12-22,0,-1.9,-0.09999999999999998,1.7,2.454,0,100
2012-12-23,0,-0.9,0.49999999999999994,1.9,1.902,0,100
2012-12-24,0,-1.8,1.3000000000000003,4.4,2.517,0,100
2012-12-25,0,3.6,5.75,7.9,2.24,0,93
2012-12-26,3.2,5.6,6.699999999999999,7.8,1.092,0,98
2012-12-27,0,5.7,7.0,8.3,1.726,0,96
2012-12-28,0,2.4,6.5,10.6,6.527,0,90
2012-12-29,0,-0.2,5.45,11.1,7.318,0,75.5
2012-12-30,0,-1.7,3.2499999999999996,8.2,7.481,0,83
2012-12-31,0,-1.6,4.9,11.4,7.876,0,74
2013-01-01,0,-3.4,-0.34999999999999987,2.7,3.213,0,100
2013-01-02,7.8,2.8,5.0,7.2,1.167,0,95.5
2013-01-03,0,3.7,7.300000000000001,10.9,7.249,0,84.5
2013-01-04,0,0.2,5.1,10,5.366,0,85
2013-01-05,0,0.1,5.45,10.8,6.427,0,86.5
2013-01-06,0,-0.1,4.9,9.9,4.349,0,89.5
2013-01-07,0,0,2.45,4.9,2.805,0,100
2013-01-08,0,4.3,6.449999999999999,8.6,2.492,0,84
2013-01-09,0,2.7,4.6,6.5,1.512,0,97.5
2013-01-10,0,3.4,6.0,8.6,3.948,0,91
2013-01-11,0,-0.7,3.55,7.8,2.523,0,92.5
2013-01-12,0,-1.2,2.9,7,3.966,0,85
2013-01-13,14.8,3.2,4.95,6.7,1.481,0,85.5
2013-01-14,8.8,2.4,3.5,4.6,1.23,0,93.5
2013-01-15,0.8,1.8,4.1000000000000005,6.4,3.508,0,91.5
2013-01-16,26.2,1.1,3.3,5.5,0.734,0,92
2013-01-17,0.2,1.2,3.25,5.3,3.207,0,83.5
2013-01-18,0,-0.6,3.6,7.8,3.772,0,72.5
2013-01-19,3.6,-1.6,1.4999999999999998,4.6,3.602,0,86.5
2013-01-20,13.2,2.9,4.35,5.8,0.828,0,100
2013-01-21,1.8,4.1,5.75,7.4,2.228,0,99.5
2013-01-22,6.6,3.6,5.55,7.5,2.259,0,93.5
2013-01-23,12.2,-0.6,4.3500000000000005,9.3,7.374,0,90
2013-01-24,0,5.3,7.6,9.9,3.784,0,79.5
2013-01-25,0,2.8,5.6,8.4,8.793,0,69
2013-01-26,0,-1.2,2.1999999999999997,5.6,9.238,0,71
2013-01-27,0,-2.6,1.2499999999999998,5.1,8.485,0,78.5
2013-01-28,7,-0.3,1.2000000000000002,2.7,1.23,0,95.5
2013-01-29,0,-1.9,0.25,2.4,2.912,0,100
2013-01-30,0,1.9,4.3,6.7,4.933,0,90
2013-01-31,0,0.5,3.3,6.1,4.45,0,95
2013-02-01,0,-0.7,3.5,7.7,6.232,0,89.5
2013-02-02,51.2,3.8,5.65,7.5,0.552,0,96.5
2013-02-03,1.2,1.4,6.55,11.7,10.173,0,68.5
2013-02-04,0,-0.5,5.0,10.5,11.002,0,71.5
2013-02-05,0,0.9,4.3,7.7,4.556,0,78
2013-02-06,0.2,0.3,3.25,6.2,4.588,0,89
2013-02-07,0,0.4,4.6000000000000005,8.8,9.401,0,75
2013-02-08,0,-1.8,3.1,8,11.893,0,66.5
2013-02-09,0,-0.9,2.9,6.7,10.205,0,75
2013-02-10,0,-1.5,1.9500000000000002,5.4,9.439,0,80
2013-02-11,13.4,-1.4,0.15000000000000002,1.7,1.82,0,91.5
2013-02-12,0.4,-2,0.75,3.5,5.736,0,92
2013-02-13,0,-4.6,1.1500000000000004,6.9,10.167,0,78.5
2013-02-14,0,0.4,5.3,10.2,11.855,0,69
2013-02-15,0,-1.1,3.75,8.6,9.878,0,76.5
2013-02-16,0,1,6.05,11.1,13.38,0,71
2013-02-17,0,2.9,6.25,9.6,12.006,0,65
2013-02-18,0,1.9,5.6000000000000005,9.3,12.753,0,62.5
2013-02-19,0,-1.1,3.75,8.6,11.987,0,70.5
2013-02-20,0,0.2,4.05,7.9,5.535,0,79.5
2013-02-21,3.8,-0.2,2.05,4.3,3.012,0,76
2013-02-22,0,-0.4,1.55,3.5,4.669,0,81
2013-02-23,2.6,-0.2,2.4,5,6.063,0,76.5
2013-02-24,1,3.3,6.449999999999999,9.6,11.579,0,74.5
2013-02-25,0,1.3,5.5,9.7,10.87,0,73.5
2013-02-26,0,-1.2,6.0,13.2,15.721,0,62
2013-02-27,4.2,4.2,7.4,10.6,5.648,0,87.5
2013-02-28,0,2.1,7.2,12.3,15.345,0,75.5
2013-03-01,0,-0.3,5.949999999999999,12.2,12.106,0,81.5
2013-03-02,0,1.4,6.2,11,15.878,0,75.5
2013-03-03,0,-0.5,6.75,14,14.773,0,75
2013-03-04,0,0.4,7.75,15.1,16.562,0,65.5
2013-03-05,0,2.1,7.05,12,10.405,0,71.5
2013-03-06,20,7.5,8.75,10,1.462,0,94
2013-03-07,8.6,10.1,11.35,12.6,3.295,0,95.5
2013-03-08,3.6,9.3,10.55,11.8,3.332,0,97.5
2013-03-09,11,9.6,11.85,14.1,5.736,0,92
2013-03-10,1,9.1,12.149999999999999,15.2,12.119,0,84
2013-03-11,0.8,6.2,10.85,15.5,12.734,0,80
2013-03-12,7.2,7.8,11.15,14.5,12.025,0,81.5
2013-03-13,22.8,7.5,9.85,12.2,7.161,0,86.5
2013-03-14,1.8,5.9,8.5,11.1,6.037,0,72
2013-03-15,0,3.6,6.35,9.1,14.811,0,54
2013-03-16,0,2.1,5.1499999999999995,8.2,10.933,0,73.5
2013-03-17,5.6,2.4,5.4,8.4,7.311,0,79.5
2013-03-18,42,3.6,5.95,8.3,1.964,0,91.5
2013-03-19,0,1.4,8.4,15.4,19.662,0,68.5
2013-03-20,3.2,2.6,7.1499999999999995,11.7,8.278,0,86.5
2013-03-21,4.8,6.3,11.35,16.4,20.372,0,63.5
2013-03-22,0,4.6,9.05,13.5,19.951,0,68.5
2013-03-23,8.4,6.2,9.85,13.5,12.96,0,81.5
2013-03-24,18.4,4,5.55,7.1,2.021,0,91
2013-03-25,32.8,1,2.7,4.4,1.305,0,86.5
2013-03-26,0,2.4,4.7,7,9.671,0,70.5
2013-03-27,0,2.7,5.550000000000001,8.4,13.606,0,70
2013-03-28,16.4,4.4,6.050000000000001,7.7,3.722,0,83
2013-03-29,10.8,5.7,8.45,11.2,7.694,0,86.5
2013-03-30,35.6,5.9,8.100000000000001,10.3,3.056,0,99.5
2013-03-31,5.2,8.1,10.649999999999999,13.2,15.137,0,80.5
2013-04-01,0.2,5,8.15,11.3,13.531,0,77
2013-04-02,0.2,6.6,9.45,12.3,13.474,0,71
2013-04-03,0,6.1,10.45,14.8,16.211,0,74.5
2013-04-04,3.4,5.8,8.8,11.8,12.087,0,82
2013-04-05,27.2,8.1,9.0,9.9,2.818,0,95
2013-04-06,0.4,8.3,11.65,15,16.047,0,82.5
2013-04-07,0,6.6,10.0,13.4,21.275,0,67
2013-04-08,4.6,6.5,8.8,11.1,11.397,0,72
2013-04-09,7.4,6.5,10.05,13.6,14.265,0,82
2013-04-10,0,7.2,11.95,16.7,20.309,0,76.5
2013-04-11,0.2,8.2,12.799999999999999,17.4,14.66,0,79.5
2013-04-12,0,11.6,15.75,19.9,15.012,0,81
2013-04-13,0.2,8.8,14.950000000000001,21.1,22.694,0,76
2013-04-14,0,9.1,15.649999999999999,22.2,23.164,0,75.5
2013-04-15,0,10.3,16.05,21.8,22.072,0,77
2013-04-16,0,10.5,16.15,21.8,23.422,0,68
2013-04-17,0,11,17.7,24.4,21.972,0,68
2013-04-18,0,10.5,18.25,26,23.127,0,68
2013-04-19,1.6,12,18.0,24,22.505,0,69.5
2013-04-20,4,12.6,15.0,17.4,5.435,0,74.5
2013-04-21,8.6,11.6,15.2,18.8,10.669,0,74.5
2013-04-22,35,9,11.55,14.1,5.906,0,92
2013-04-23,0.4,8.9,13.649999999999999,18.4,21.922,0,73
2013-04-24,0,7.6,14.399999999999999,21.2,26.101,0,70.5
2013-04-25,0,9.85,15.649999999999999,21.45,20.134,0,70
2013-04-26,0,12.1,16.9,21.7,14.167,0,67
2013-04-27,13,11.9,15.649999999999999,19.4,9.251,0,84
2013-04-28,0.6,13.8,17.9,22,20.277,0,78
2013-04-29,4.4,14.9,18.15,21.4,12.972,0,81
2013-04-30,1,13.9,17.15,20.4,8.692,0,80
2013-05-01,0,15.1,19.95,24.8,18.357,0,66.5
2013-05-02,2.8,15.2,18.0,20.8,9.859,0,87.5
2013-05-03,0.8,13.7,17.95,22.2,17.836,0,79
2013-05-04,0,15.5,19.8,24.1,22.047,0,78.5
2013-05-05,7,15.4,19.25,23.1,16.487,0,79
2013-05-06,3.8,14.8,17.85,20.9,14.335,0,85
2013-05-07,0.6,15.3,18.65,22,12.803,0,81
2013-05-08,0,14.3,19.0,23.7,22.292,0,77
2013-05-09,0.2,13.3,20.0,26.7,25.455,0,71
2013-05-10,8,15.2,18.799999999999997,22.4,9.376,0,79.5
2013-05-11,1,14,16.15,18.3,13.085,0,85.5
2013-05-12,3,9.8,15.9,22,25.078,0,71
2013-05-13,0.2,9.8,15.35,20.9,27.877,0,66
2013-05-14,0,9.8,15.5,21.2,27.269,0,66
2013-05-15,0,12.2,17.45,22.7,24.664,0,61.5
2013-05-16,24,16.3,17.450000000000003,18.6,3.709,0,85.5
2013-05-17,3.6,12.1,15.649999999999999,19.2,7.883,0,83
2013-05-18,0,10.1,15.7,21.3,22.179,0,68
2013-05-19,5.8,12.8,16.75,20.7,17.089,0,70
2013-05-20,0,10.5,15.75,21,23.723,0,61.5
2013-05-21,0,8.6,14.600000000000001,20.6,27.005,0,69
2013-05-22,0,11,15.9,20.8,25.568,0,69
2013-05-23,4.6,12.5,16.9,21.3,21.507,0,66
2013-05-24,26,8.6,11.05,13.5,10.631,0,81.5
2013-05-25,8.4,8,11.2,14.4,14.924,0,78
2013-05-26,0.4,9,14.6,20.2,30.118,0,65.5
2013-05-27,0,8.1,15.45,22.8,25.417,0,69.5
2013-05-28,0,11.8,16.4,21,16.424,0,72
2013-05-29,0.4,13.7,18.1,22.5,25.041,0,60.5
2013-05-30,32.6,11.4,14.55,17.7,11.623,0,74.5
2013-05-31,1.4,11.3,15.15,19,7.92,0,80
2013-06-01,0.2,11.6,16.05,20.5,21.175,0,72.5
2013-06-02,0,12.1,15.95,19.8,15.42,0,81.5
2013-06-03,0,14.3,19.05,23.8,26.164,0,63
2013-06-04,0,15.6,20.3,25,28.31,0,61
2013-06-05,0.2,15.3,20.200000000000003,25.1,20.378,0,70.5
2013-06-06,0,15.5,20.3,25.1,20.874,0,72.5
2013-06-07,0,14,20.75,27.5,29.697,0,67.5
2013-06-08,0.2,15.9,22.2,28.5,25.631,0,67
2013-06-09,4.8,16,20.85,25.7,18.162,0,75
2013-06-10,0.2,14.5,19.0,23.5,24.463,0,72
2013-06-11,0,15.1,20.55,26,25.587,0,72
2013-06-12,0,16.1,21.75,27.4,26.842,0,69.5
2013-06-13,0,18.9,24.049999999999997,29.2,29.861,0,59.5
2013-06-14,0,15.7,22.65,29.6,29.547,0,60
2013-06-15,0,18.1,23.85,29.6,27.777,0,62
2013-06-16,0,20.8,25.5,30.2,27.049,0,69
2013-06-17,0,21.2,26.65,32.1,28.718,0,72.5
2013-06-18,0,21.4,27.0,32.6,27.463,0,68.5
2013-06-19,0,21.4,26.95,32.5,28.894,0,70.5
2013-06-20,0,21.5,27.15,32.8,29.026,0,71.5
2013-06-21,0,19.7,25.85,32,30.331,0,53.5
2013-06-22,0,17.7,24.2,30.7,29.691,0,57.5
2013-06-23,0,17.6,24.200000000000003,30.8,28.718,0,60.5
2013-06-24,0,15.8,19.65,23.5,14.529,0,68.5
2013-06-25,0,15.5,21.35,27.2,25.154,0,58
2013-06-26,0,16,19.85,23.7,16.43,0,63
2013-06-27,0,14,17.85,21.7,26.578,0,61
2013-06-28,11,12.4,16.75,21.1,15.734,0,69.5
2013-06-29,0,11.6,17.75,23.9,25.072,0,64
2013-06-30,0,11.7,19.6,27.5,29.723,0,65.5
2013-07-01,0,17.8,22.0,26.2,29.503,0,65.5
2013-07-02,0,17.5,22.3,27.1,29.446,0,69
2013-07-03,0,18.9,23.2,27.5,22.819,0,69.5
2013-07-04,0.2,20.6,25.65,30.7,27.953,0,63.5
2013-07-05,0,17.8,24.55,31.3,27.803,0,60
2013-07-06,0,20.6,25.5,30.4,26.001,0,60
2013-07-07,0,20.6,24.65,28.7,27.633,0,58
2013-07-08,0,21.3,24.950000000000003,28.6,27.727,0,60
2013-07-09,0,20.9,25.549999999999997,30.2,29.133,0,58
2013-07-10,0,20.3,26.0,31.7,22.549,0,57.5
2013-07-11,0.6,19.2,25.4,31.6,25.637,0,66
2013-07-12,2,18.5,23.4,28.3,26.986,0,76
2013-07-13,30.8,18.2,23.25,28.3,24.181,0,74.5
2013-07-14,0,18.2,23.45,28.7,28.75,0,72.5
2013-07-15,0,18.9,24.4,29.9,27.94,0,70
2013-07-16,0,20.5,24.1,27.7,25.58,0,68
2013-07-17,0,18.6,23.5,28.4,23.353,0,72
2013-07-18,0,18.1,23.55,29,28.392,0,66
2013-07-19,0,16.6,24.05,31.5,27.074,0,66.5
2013-07-20,0,18.5,25.2,31.9,26.434,0,62.5
2013-07-21,0,18.8,24.5,30.2,23.779,0,67
2013-07-22,0,20.3,25.3,30.3,28.543,0,63.5
2013-07-23,0,19.1,25.75,32.4,26.898,0,67.5
2013-07-24,0,18.6,25.7,32.8,27.156,0,67
2013-07-25,0,19.8,25.950000000000003,32.1,27.432,0,72
2013-07-26,0,21.1,27.25,33.4,26.534,0,73.5
2013-07-27,0,22.3,28.299999999999997,34.3,26.365,0,74
2013-07-28,0,21.9,28.45,35,26.509,0,69.5
2013-07-29,5.8,18,24.35,30.7,11.774,0,77.5
2013-07-30,0.2,16.2,23.049999999999997,29.9,28.486,0,66
2013-07-31,0,17.3,24.200000000000003,31.1,27.852,0,65
2013-08-01,0,18.6,25.6,32.6,27.369,0,67.5
2013-08-02,0,18.3,26.5,34.7,27.501,0,65
2013-08-03,0,17.8,26.4,35,26.214,0,69
2013-08-04,0,20.5,27.85,35.2,24.627,0,70.5
2013-08-05,0,21.7,28.35,35,25.537,0,67.5
2013-08-06,0,22.1,28.6,35.1,25.072,0,70
2013-08-07,0,23.5,28.45,33.4,21.369,0,72.5
2013-08-08,0,23.7,28.4,33.1,16.87,0,66
2013-08-09,1.2,21,26.3,31.6,18.752,0,63.5
2013-08-10,3,18.6,23.950000000000003,29.3,22.825,0,65
2013-08-11,0,18.3,24.05,29.8,26.541,0,59
2013-08-12,0,16.8,24.15,31.5,26.522,0,62.5
2013-08-13,0,17.2,24.25,31.3,25.323,0,69.5
2013-08-14,9.8,17.3,19.950000000000003,22.6,7.782,0,78
2013-08-15,0,15.3,21.35,27.4,26.227,0,64.5
2013-08-16,0,15.1,21.9,28.7,26.177,0,63
2013-08-17,0,15,22.9,30.8,25.788,0,65.5
2013-08-18,0,14.8,23.25,31.7,25.543,0,64.5
2013-08-19,3,16.6,23.65,30.7,23.597,0,73
2013-08-20,5.8,16.8,20.35,23.9,9.533,0,71.5
2013-08-21,0,14.2,20.7,27.2,25.016,0,63
2013-08-22,0,16.5,22.2,27.9,24.777,0,68.5
2013-08-23,0,15.9,22.3,28.7,21.2,0,67
2013-08-24,2.8,16,21.95,27.9,23.917,0,72.5
2013-08-25,17.2,17.7,22.0,26.3,20.158,0,77
2013-08-26,0.2,16.8,21.0,25.2,18.15,0,74
2013-08-27,28.8,15.7,20.4,25.1,18.683,0,79.5
2013-08-28,0.4,13.8,20.450000000000003,27.1,23.44,0,73.5
2013-08-29,3.4,17.7,21.4,25.1,14.905,0,77
2013-08-30,0,15.4,20.75,26.1,23.792,0,68
2013-08-31,0,15.2,21.25,27.3,22.261,0,68
2013-09-01,0,15.4,20.75,26.1,19.719,0,74
2013-09-02,0.4,16,20.9,25.8,23.202,0,74.5
2013-09-03,0,14,21.55,29.1,22.574,0,70.5
2013-09-04,0,16,22.1,28.2,21.074,0,76.5
2013-09-05,0.2,16.8,22.55,28.3,19.687,0,75.5
2013-09-06,0,15.8,22.05,28.3,21.909,0,69.5
2013-09-07,0,15.3,22.15,29,21.256,0,73
2013-09-08,0,17.6,22.450000000000003,27.3,13.543,0,80
2013-09-09,0,17.8,23.55,29.3,20.585,0,68.5
2013-09-10,1.4,15.9,21.4,26.9,16.198,0,71
2013-09-11,0,12.8,15.75,18.7,7.01,0,79.5
2013-09-12,0,11.2,17.4,23.6,21.482,0,67
2013-09-13,0,11.5,17.95,24.4,19.644,0,69.5
2013-09-14,0,12.7,19.1,25.5,19.468,0,69
2013-09-15,2.2,14.3,18.15,22,7.977,0,84
2013-09-16,0.2,13.5,18.85,24.2,18.288,0,76
2013-09-17,1.4,11.8,16.05,20.3,20.779,0,72
2013-09-18,0,11.8,15.25,18.7,6.671,0,80.5
2013-09-19,0,11.2,17.799999999999997,24.4,20.077,0,71
2013-09-20,0,13.8,18.85,23.9,14.61,0,74
2013-09-21,0,13,19.0,25,16.706,0,75.5
2013-09-22,0,12.6,18.45,24.3,12.646,0,71
2013-09-23,0,10.5,18.3,26.1,18.746,0,71.5
2013-09-24,0,11.7,18.549999999999997,25.4,17.428,0,76
2013-09-25,0,15,20.6,26.2,17.07,0,69
2013-09-26,0,12.8,18.8,24.8,12.307,0,76
2013-09-27,0,18.8,22.4,26,11.83,0,74
2013-09-28,0,17.9,21.549999999999997,25.2,9.269,0,78
2013-09-29,18.2,13.3,17.75,22.2,4.261,0,85
2013-09-30,25.2,11.5,13.15,14.8,5.347,0,91.5
2013-10-01,0,10.2,15.75,21.3,17.133,0,75
2013-10-02,0,13.1,16.35,19.6,11.805,0,68.5
2013-10-03,0,12.4,14.0,15.6,4.418,0,62.5
2013-10-04,0,10.5,12.3,14.1,5.755,0,55.5
2013-10-05,4.2,9.4,11.850000000000001,14.3,3.816,0,79.5
2013-10-06,18.4,12.4,14.2,16,2.366,0,91.5
2013-10-07,22.2,13.7,14.75,15.8,2.517,0,85.5
2013-10-08,11.6,12.7,14.3,15.9,2.466,0,86.5
2013-10-09,0,13.6,16.95,20.3,9.954,0,81
2013-10-10,0,13.9,17.4,20.9,7.01,0,83
2013-10-11,0,9.7,13.85,18,16.28,0,61.5
2013-10-12,4.2,10.2,14.15,18.1,10.569,0,79.5
2013-10-13,0,8.8,14.3,19.8,13.399,0,75.5
2013-10-14,0.2,10.9,13.7,16.5,4.814,0,85.5
2013-10-15,0.2,11.8,14.3,16.8,5.253,0,89
2013-10-16,0,11,16.05,21.1,13.951,0,77.5
2013-10-17,0,10.6,15.5,20.4,12.866,0,79
2013-10-18,0.2,8.2,13.9,19.6,12.42,0,82.5
2013-10-19,0,10.6,14.5,18.4,6.872,0,83
2013-10-20,30.6,13.6,16.05,18.5,5.378,0,86.5
2013-10-21,0,14.2,16.25,18.3,4.964,0,91
2013-10-22,0,15,16.85,18.7,3.659,0,91.5
2013-10-23,4,15.1,17.25,19.4,6.665,0,91
2013-10-24,6,14.5,17.85,21.2,7.531,0,86
2013-10-25,0.4,12.3,15.450000000000001,18.6,6.947,0,93.5
2013-10-26,0.2,12.1,15.399999999999999,18.7,4.06,0,92.5
2013-10-27,0.2,11.4,15.25,19.1,5.002,0,92.5
2013-10-28,0,14.8,17.700000000000003,20.6,7.035,0,90.5
2013-10-29,3.6,15.7,17.6,19.5,5.033,0,93.5
2013-10-30,0,14.6,17.45,20.3,6.998,0,81.5
2013-10-31,0,10.1,14.3,18.5,11.629,0,69.5
2013-11-01,0,8,13.5,19,10.895,0,76
2013-11-02,0.2,10.2,12.899999999999999,15.6,2.83,0,90
2013-11-03,0.8,10.8,14.05,17.3,3.075,0,92
2013-11-04,11.4,11.1,13.600000000000001,16.1,5.247,0,88
2013-11-05,0.4,9,13.1,17.2,10.631,0,81.5
2013-11-06,0.2,7.5,12.2,16.9,9.138,0,84
2013-11-07,0.2,6.4,11.8,17.2,8.585,0,85
2013-11-08,0,12.4,14.600000000000001,16.8,3.081,0,85
2013-11-09,0.6,11.7,14.549999999999999,17.4,5.165,0,93
2013-11-10,0.2,10.8,12.25,13.7,3.96,0,91.5
2013-11-11,0,10.6,13.55,16.5,3.069,0,59
2013-11-12,0,9.3,13.4,17.5,9.135,0,63.5
2013-11-13,0,7.9,12.2,16.5,5.567,0,76.5
2013-11-14,2.4,8.9,10.8,12.7,3.853,0,77
2013-11-15,38.6,8.4,9.600000000000001,10.8,0.973,0,89.5
2013-11-16,0,6.8,10.5,14.2,8.76,0,77
2013-11-17,0,5.7,9.8,13.9,8.433,0,71.5
2013-11-18,0,9.1,11.1,13.1,2.793,0,78
2013-11-19,7.8,10.7,12.1,13.5,3.075,0,88.5
2013-11-20,0.8,7.2,10.85,14.5,6.702,0,83.5
2013-11-21,12,4.9,8.25,11.6,4.318,0,82
2013-11-22,0,3.7,7.9,12.1,8.002,0,80.5
2013-11-23,26.6,6.3,8.45,10.6,0.891,0,88
2013-11-24,0,5.3,9.3,13.3,6.533,0,78
2013-11-25,0,1.6,6.3,11,8.108,0,61.5
2013-11-26,0,-2.6,3.45,9.5,8.686,0,53.5
2013-11-27,0,-1,3.8,8.6,6.106,0,52
2013-11-28,0,-1,3.9000000000000004,8.8,7.807,0,60
2013-11-29,0,-3,2.2,7.4,7.537,0,75.5
2013-11-30,0,0.1,3.75,7.4,2.567,0,83
2013-12-01,0,1.8,5.75,9.7,7.274,0,68.5
2013-12-02,0,2.7,6.949999999999999,11.2,7.475,0,62
2013-12-03,0,0.1,5.55,11,7.211,0,67.5
2013-12-04,0,-2.4,3.0999999999999996,8.6,7.173,0,81.5
2013-12-05,0,-2.6,4.25,11.1,6.42,0,76.5
2013-12-06,0,-2,3.6500000000000004,9.3,5.818,0,85
2013-12-07,0,-1.1,3.45,8,4.186,0,86
2013-12-08,0,-0.4,5.1,10.6,6.778,0,76.5
2013-12-09,0,-1,1.9500000000000002,4.9,2.479,0,94.5
2013-12-10,0,-1.7,4.300000000000001,10.3,5.968,0,83.5
2013-12-11,0,-1.1,2.8499999999999996,6.8,5.667,0,91
2013-12-12,0,-1.1,1.25,3.6,2.63,0,100
2013-12-13,0,-0.9,0.75,2.4,2.41,0,100
2013-12-14,0,-1.7,0.7000000000000001,3.1,2.058,0,100
2013-12-15,0,-1,4.35,9.7,6.144,0,91
2013-12-16,0,-3.3,2.0,7.3,6.602,0,87
2013-12-17,0,-3.1,2.45,8,6.803,0,85.5
2013-12-18,0,-4.4,1.0,6.4,5.052,0,89
2013-12-19,0,-2.7,2.35,7.4,4.481,0,86.5
2013-12-20,0.2,5.4,7.3,9.2,1.28,0,86.5
2013-12-21,0.2,4.9,6.6000000000000005,8.3,0.96,0,97.5
2013-12-22,0.2,5.8,6.8,7.8,1.519,0,99
2013-12-23,0,6.5,7.35,8.2,1.356,0,99
2013-12-24,0.2,6.2,6.9,7.6,1.481,0,99
2013-12-25,2,7.5,9.9,12.3,0.64,0,88.5
2013-12-26,6,5.5,9.6,13.7,1.274,0,85.5
2013-12-27,0,4.2,8.65,13.1,2.146,0,83.5
2013-12-28,0,1,7.0,13,5.931,0,81.5
2013-12-29,1.2,5.4,7.6000000000000005,9.8,0.872,0,97.5
2013-12-30,0,3.9,7.5,11.1,3.96,0,80
2013-12-31,0,-0.1,5.5,11.1,5.774,0,76
2014-01-01,0,-1.2,4.550000000000001,10.3,6.276,0,78.5
2014-01-02,2.8,0.2,2.9,5.6,1.13,0,90.5
2014-01-03,0.6,5,6.65,8.3,2.479,0,94
2014-01-04,15,6,7.4,8.8,0.201,0,100
2014-01-05,28.6,7.9,9.65,11.4,0.872,0,96
2014-01-06,0,3.8,9.5,15.2,5.673,0,80
2014-01-07,0,3,5.65,8.3,3.722,0,99.5
2014-01-08,0,5.7,6.85,8,1.512,0,97
2014-01-09,0,5.3,6.15,7,1.211,0,98.5
2014-01-10,0,6.1,7.25,8.4,1.494,0,95.5
2014-01-11,0,7.3,8.8,10.3,1.795,0,91.5
2014-01-12,0,4.4,7.2,10,3.05,0,92
2014-01-13,0.4,5.9,7.5,9.1,2.981,0,90.5
2014-01-14,18.6,4.5,7.85,11.2,1.381,0,95.5
2014-01-15,0,2.6,4.95,7.3,1.694,0,96.5
2014-01-16,0.4,4.3,5.15,6,1.387,0,99
2014-01-17,10.2,6,7.6,9.2,0.847,0,99
2014-01-18,11.2,7.5,8.95,10.4,0.822,0,100
2014-01-19,13,9.2,11.1,13,2.579,0,98
2014-01-20,2.6,8.8,10.0,11.2,1.381,0,97
2014-01-21,0,7.3,10.25,13.2,4.387,0,87.5
2014-01-22,0,5.2,9.3,13.4,7.01,0,81.5
2014-01-23,0.8,5.3,7.1,8.9,2.686,0,100
2014-01-24,3.2,5.5,6.85,8.2,2.071,0,88
2014-01-25,0,-0.1,4.8500000000000005,9.8,8.215,0,82
2014-01-26,0.2,0.3,4.75,9.2,7.186,0,80
2014-01-27,16.4,3.3,5.0,6.7,2.146,0,85.5
2014-01-28,4,3.2,5.800000000000001,8.4,4.45,0,77
2014-01-29,4.2,-1,3.5999999999999996,8.2,8.096,0,79
2014-01-30,27.6,2.8,5.199999999999999,7.6,0.791,0,94.5
2014-01-31,22.6,6.9,9.15,11.4,1.105,0,94.5
2014-02-01,10.8,8.8,9.5,10.2,2.335,0,100
2014-02-02,23.2,6.7,8.05,9.4,1.694,0,90
2014-02-03,15,5,6.25,7.5,1.167,0,94
2014-02-04,15,4.2,5.75,7.3,0.602,0,96.5
2014-02-05,1.2,6.7,7.35,8,2.197,0,96
2014-02-06,7.2,4.7,8.85,13,9.094,0,81.5
2014-02-07,2.2,4,6.75,9.5,3.929,0,92
2014-02-08,0,5.7,8.45,11.2,7.644,0,85
2014-02-09,4.4,5,7.6,10.2,6.169,0,87.5
2014-02-10,29.4,4.4,5.7,7,1.01,0,90
2014-02-11,10.4,6.2,7.699999999999999,9.2,4.067,0,93.5
2014-02-12,0,3.8,8.55,13.3,9.972,0,79
2014-02-13,3,1.7,4.949999999999999,8.2,2.78,0,100
2014-02-14,0,2.4,7.8,13.2,10.663,0,79.5
2014-02-15,0,5.4,8.350000000000001,11.3,4.826,0,83
2014-02-16,0,5.1,10.149999999999999,15.2,10.186,0,86
2014-02-17,0,7.7,11.75,15.8,10.186,0,77.5
2014-02-18,0,4.3,8.85,13.4,6.383,0,84
2014-02-19,2,9.6,11.399999999999999,13.2,1.72,0,90
2014-02-20,2.6,8.1,9.3,10.5,2.165,0,87.5
2014-02-21,1,6.9,10.75,14.6,10.751,0,82
2014-02-22,10.6,6.3,8.05,9.8,4.594,0,91
2014-02-23,0,2.4,8.5,14.6,12.771,0,69
2014-02-24,0,1.8,8.55,15.3,13.877,0,71.5
2014-02-25,0,1.7,7.8,13.9,13.519,0,74
2014-02-26,5,4.2,8.9,13.6,8.878,0,84
2014-02-27,0,5.8,9.55,13.3,10.837,0,84.5
2014-02-28,0,4,8.4,12.8,10.136,0,84
2014-03-01,41.8,6.7,8.2,9.7,3.183,0,93.5
2014-03-02,10.6,7.8,9.55,11.3,3.169,0,91
2014-03-03,0,3.8,8.55,13.3,13.023,0,81.5
2014-03-04,0.2,8.1,9.95,11.8,5.486,0,80.5
2014-03-05,0,5.8,10.5,15.2,13.883,0,72
2014-03-06,0,4.5,10.8,17.1,12.986,0,66
2014-03-07,0,4.4,11.05,17.7,15.891,0,78.5
2014-03-08,0,7.2,11.05,14.9,16.066,0,75.5
2014-03-09,0,3.9,10.649999999999999,17.4,16.499,0,71
2014-03-10,0,6.6,11.05,15.5,15.815,0,72.5
2014-03-11,0,5.2,9.75,14.3,16.826,0,68
2014-03-12,0,2.9,10.5,18.1,17.259,0,68.5
2014-03-13,0,4.1,11.55,19,16.499,0,61
2014-03-14,0,3.7,11.2,18.7,15.853,0,70
2014-03-15,0,3.4,10.25,17.1,12.483,0,75
2014-03-16,0,6.3,11.950000000000001,17.6,15.075,0,78.5
2014-03-17,0,6.4,10.350000000000001,14.3,5.818,0,88.5
2014-03-18,0.4,6.9,11.7,16.5,11.177,0,82.5
2014-03-19,0,7.9,12.399999999999999,16.9,8.485,0,83.5
2014-03-20,0,8.8,13.85,18.9,16.33,0,76
2014-03-21,0,6.8,12.5,18.2,16.404,0,72.5
2014-03-22,0.6,10.1,13.850000000000001,17.6,10.65,0,80.5
2014-03-23,18,7.5,12.3,17.1,7.77,0,79
2014-03-24,6.8,4.9,8.15,11.4,6.193,0,74.5
2014-03-25,1.8,3,7.35,11.7,12.42,0,76.5
2014-03-26,0,6.4,9.9,13.4,16.424,0,65
2014-03-27,0,9,12.35,15.7,16.675,0,59
2014-03-28,0,6.6,13.55,20.5,19.863,0,57
2014-03-29,0,5.7,12.85,20,19.916,0,62.5
2014-03-30,0,6.3,14.0,21.7,20.482,0,63
2014-03-31,0,6.1,13.899999999999999,21.7,20.209,0,66
2014-04-01,0,7.3,13.950000000000001,20.6,17.014,0,70
2014-04-02,0,6.6,13.149999999999999,19.7,16.443,0,71.5
2014-04-03,0,9.5,12.85,16.2,7.462,0,84
2014-04-04,0.2,11.2,13.75,16.3,8.108,0,79.5
2014-04-05,1,12.4,15.399999999999999,18.4,8.617,0,75.5
2014-04-06,0,9.5,16.1,22.7,18.727,0,69.5
2014-04-07,0,9.9,16.5,23.1,20.93,0,67
2014-04-08,0,10,15.9,21.8,17.221,0,70.5
2014-04-09,0,10.4,14.899999999999999,19.4,22.411,0,65
2014-04-10,0,8.3,14.65,21,21.865,0,66
2014-04-11,0,9.1,13.3,17.5,18.206,0,75
2014-04-12,0,8.8,13.4,18,15.57,0,72.5
2014-04-13,0,9.4,14.0,18.6,11.648,0,75
2014-04-14,0,6.9,15.100000000000001,23.3,21.708,0,69.5
2014-04-15,0,9.7,13.299999999999999,16.9,21.652,0,61.5
2014-04-16,0,4.1,10.95,17.8,24.915,0,57
2014-04-17,0,4.1,11.75,19.4,25.75,0,43.5
2014-04-18,0,5.4,12.25,19.1,18.545,0,57
2014-04-19,0,9.7,14.15,18.6,17.999,0,68
2014-04-20,0,8.2,13.25,18.3,16.411,0,73.5
2014-04-21,9.8,12,14.15,16.3,5.322,0,87
2014-04-22,3.4,10.4,15.149999999999999,19.9,18.031,0,76
2014-04-23,0.2,10.4,16.5,22.6,19.725,0,70
2014-04-24,0,12.3,18.25,24.2,21.702,0,64
2014-04-25,2.6,9.6,16.95,24.3,23.058,0,67.5
2014-04-26,1,13.4,18.55,23.7,23.547,0,68.5
2014-04-27,4,13.2,16.0,18.8,9.659,0,84.5
2014-04-28,0.4,12.2,15.45,18.7,9.746,0,83.5
2014-04-29,17.8,11.8,16.85,21.9,23.478,0,73.5
2014-04-30,68.4,12.5,14.6,16.7,3.471,0,91.5
2014-05-01,0.2,8.9,15.850000000000001,22.8,25.606,0,70
2014-05-02,36.8,11.4,13.45,15.5,4.927,0,90.5
2014-05-03,0.4,12.1,15.899999999999999,19.7,15.878,0,77.5
2014-05-04,0,11.8,16.1,20.4,26.993,0,64.5
2014-05-05,0,10.2,14.75,19.3,24.878,0,70
2014-05-06,0,9,14.85,20.7,23.353,0,72.5
2014-05-07,0,10.9,15.850000000000001,20.8,14.114,0,72.5
2014-05-08,0,12.3,17.05,21.8,25.436,0,71.5
2014-05-09,0,11,17.6,24.2,27.08,0,69
2014-05-10,0,12.3,19.05,25.8,24.708,0,68.5
2014-05-11,0.4,12.5,18.2,23.9,16.349,0,69.5
2014-05-12,16.6,10.5,15.35,20.2,26.39,0,71
2014-05-13,1.8,10.7,14.549999999999999,18.4,22.838,0,70
2014-05-14,0,8.4,15.600000000000001,22.8,24.777,0,58
2014-05-15,0,7.4,15.2,23,27.363,0,51
2014-05-16,0,11,16.4,21.8,11.485,0,59.5
2014-05-17,0,10.1,16.6,23.1,28.486,0,59
2014-05-18,0,12.1,17.0,21.9,23.974,0,70.5
2014-05-19,0,14.8,17.9,21,23.553,0,73.5
2014-05-20,0,13.2,18.15,23.1,23.314,0,72
2014-05-21,0,12.6,18.55,24.5,26.071,0,68.5
2014-05-22,0,14.1,19.3,24.5,24.437,0,67
2014-05-23,8.2,17.2,20.4,23.6,13.568,0,80
2014-05-24,0,14.9,20.1,25.3,29.797,0,63.5
2014-05-25,0,12,18.95,25.9,29.61,0,61.5
2014-05-26,7,16,19.1,22.2,15.35,0,72
2014-05-27,0.2,15,18.6,22.2,24.073,0,70.5
2014-05-28,27,14.2,18.75,23.3,18.086,0,71.5
2014-05-29,0,15.5,19.75,24,22.712,0,72
2014-05-30,10.4,14.5,19.35,24.2,19.919,0,73.5
2014-05-31,0,13.9,17.5,21.1,25.567,0,64.5
2014-06-01,0,11.1,17.45,23.8,27.601,0,64
2014-06-02,1.4,12.3,18.450000000000003,24.6,23.177,0,65
2014-06-03,1.6,13.5,18.85,24.2,23.411,0,71
2014-06-04,1.8,14,19.45,24.9,23.497,0,70
2014-06-05,0,15.4,20.1,24.8,22.604,0,72.5
2014-06-06,0,15.6,21.0,26.4,25.762,0,75
2014-06-07,0,16.3,22.8,29.3,25.906,0,69.5
2014-06-08,0,17.8,25.049999999999997,32.3,27.626,0,65
2014-06-09,0,19.4,25.4,31.4,27.878,0,64.5
2014-06-10,0,16.9,25.099999999999998,33.3,27.619,0,65.5
2014-06-11,0,19.3,26.25,33.2,27.029,0,68
2014-06-12,0.8,19.9,26.95,34,27.011,0,64.5
2014-06-13,0.6,19.3,25.0,30.7,27.695,0,63.5
2014-06-14,13,14.7,21.1,27.5,18.803,0,77.5
2014-06-15,0,16.4,20.549999999999997,24.7,14.378,0,70.5
2014-06-16,0,16.7,20.15,23.6,20.905,0,63
2014-06-17,0,15.4,20.35,25.3,27.734,0,54.5
2014-06-18,0,14,19.85,25.7,27.45,0,60.5
2014-06-19,10.8,15.1,21.3,27.5,21.614,0,61.5
2014-06-20,0,14.5,21.65,28.8,25.607,0,65
2014-06-21,0,16.6,20.700000000000003,24.8,26.201,0,74
2014-06-22,0,16.9,21.85,26.8,21.377,0,78.5
2014-06-23,0.6,19.4,23.6,27.8,17.276,0,78.5
2014-06-24,1.4,16.8,22.15,27.5,25.535,0,72.5
2014-06-25,15.4,16.9,19.049999999999997,21.2,9.356,0,83
2014-06-26,0,17.2,21.15,25.1,27.828,0,73
2014-06-27,0,16.7,22.0,27.3,22.745,0,72
2014-06-28,0,17.5,23.1,28.7,25.837,0,70.5
2014-06-29,3.4,18,22.65,27.3,17.276,0,73.5
2014-06-30,1.2,15.3,20.3,25.3,28.462,0,68
2014-07-01,0,16.2,20.6,25,27.162,0,73
2014-07-02,0,17.1,21.75,26.4,24.138,0,68.5
2014-07-03,0,15.9,21.15,26.4,30.596,0,60.5
2014-07-04,0,13.5,20.3,27.1,19.426,0,64.5
2014-07-05,0,16.5,22.7,28.9,27.151,0,67
2014-07-06,0,18.6,23.950000000000003,29.3,26.384,0,74.5
2014-07-07,27.4,17,22.8,28.6,24.934,0,76
2014-07-08,15.8,16.9,21.25,25.6,15.998,0,74.5
2014-07-09,1.6,15.7,21.35,27,23.861,0,68.5
2014-07-10,24,15,19.2,23.4,21.557,0,72.5
2014-07-11,0.2,15.2,21.25,27.3,28.285,0,70.5
2014-07-12,6.4,16.5,21.75,27,20.448,0,77.5
2014-07-13,5.2,17.8,21.950000000000003,26.1,24.808,0,74
2014-07-14,23,18,21.8,25.6,13.043,0,78
2014-07-15,0,16.9,23.799999999999997,30.7,28.303,0,67
2014-07-16,0,18.7,25.4,32.1,28.325,0,68
2014-07-17,1,19.3,25.4,31.5,27.198,0,66.5
2014-07-18,0,18.1,24.6,31.1,27.828,0,69
2014-07-19,0,19.2,25.75,32.3,27.418,0,67.5
2014-07-20,0,20.2,25.4,30.6,19.278,0,76.5
2014-07-21,1,18.9,22.85,26.8,14.411,0,77.5
2014-07-22,0,17.1,22.450000000000003,27.8,26.41,0,71.5
2014-07-23,0.6,20.4,25.75,31.1,23.296,0,67
2014-07-24,2.6,19.2,21.4,23.6,7.981,0,84
2014-07-25,0,16.7,22.4,28.1,25.297,0,71.5
2014-07-26,67.4,17,19.45,21.9,4.439,0,90
2014-07-27,0,17,22.3,27.6,18.205,0,73
2014-07-28,0,18.1,23.9,29.7,24.07,0,72
2014-07-29,1.2,19.2,23.15,27.1,12.917,0,77
2014-07-30,11.4,18.9,22.1,25.3,14.022,0,78.5
2014-07-31,0.2,19.1,22.35,25.6,11.264,0,79
2014-08-01,0,19.1,24.15,29.2,25.726,0,73
2014-08-02,0,18.8,24.35,29.9,23.972,0,72.5
2014-08-03,9.2,16.9,22.5,28.1,12.445,0,79.5
2014-08-04,0,15.9,22.25,28.6,22.795,0,74.5
2014-08-05,2.4,18.7,23.4,28.1,16.931,0,71.5
2014-08-06,0,16.9,23.15,29.4,25.416,0,69.5
2014-08-07,0,17.2,23.549999999999997,29.9,24.79,0,69.5
2014-08-08,0,18.4,24.1,29.8,25.024,0,72
2014-08-09,20.4,20,24.5,29,18.331,0,77
2014-08-10,0,19.9,25.1,30.3,22.486,0,76
2014-08-11,0,21.8,26.200000000000003,30.6,18.101,0,78.5
2014-08-12,0,21.5,26.5,31.5,22.01,0,71.5
2014-08-13,3.8,19.6,24.4,29.2,14.396,0,78.5
2014-08-14,0.8,17.5,22.95,28.4,22.28,0,65.5
2014-08-15,0,16.6,20.65,24.7,23.22,0,72
2014-08-16,1.4,12.5,17.4,22.3,8.536,0,73.5
2014-08-17,0,10.7,18.35,26,24.35,0,68
2014-08-18,0,13.8,20.6,27.4,23.069,0,68
2014-08-19,2.2,14.9,19.15,23.4,9.295,0,83.5
2014-08-20,10.6,15.6,20.35,25.1,15.847,0,79
2014-08-21,9.6,15.2,20.5,25.8,18.727,0,75
2014-08-22,0,16.9,21.95,27,21.697,0,75
2014-08-23,9,14.6,18.0,21.4,6.57,0,86
2014-08-24,0.2,13.1,19.15,25.2,16.981,0,77.5
2014-08-25,0.2,15.6,19.45,23.3,19.976,0,69
2014-08-26,1.8,16.1,19.5,22.9,7.812,0,82
2014-08-27,0.8,17,22.4,27.8,20.045,0,76
2014-08-28,0,16.1,20.950000000000003,25.8,18.796,0,69.5
2014-08-29,0,14.4,22.05,29.7,22.921,0,66
2014-08-30,0,15.4,22.7,30,19.739,0,66
2014-08-31,17.8,16,21.75,27.5,17.788,0,70.5
2014-09-01,6.6,13.9,17.65,21.4,7.69,0,77.5
2014-09-02,0.4,14.1,18.0,21.9,13.583,0,72.5
2014-09-03,4.6,15,20.6,26.2,13.417,0,71.5
2014-09-04,0.6,18.4,21.4,24.4,5.868,0,78.5
2014-09-05,0,18.6,22.5,26.4,13.079,0,73
2014-09-06,0.2,16.5,22.15,27.8,19.454,0,70.5
2014-09-07,0,16.7,21.4,26.1,17.69,0,69.5
2014-09-08,0,15.2,21.5,27.8,18.896,0,72.5
2014-09-09,15.4,15.6,21.65,27.7,14.497,0,73.5
2014-09-10,15.2,17.1,21.25,25.4,14.09,0,75
2014-09-11,1.2,15,18.8,22.6,17.327,0,73.5
2014-09-12,6.4,12.4,15.25,18.1,6.124,0,85
2014-09-13,0.2,11.9,17.9,23.9,17.122,0,72
2014-09-14,0,12.4,18.85,25.3,18.94,0,70
2014-09-15,0,13.9,19.05,24.2,15.588,0,74
2014-09-16,0,14.8,19.9,25,17.798,0,72.5
2014-09-17,0,14.7,19.35,24,18.187,0,73.5
2014-09-18,0,13.2,18.25,23.3,13.532,0,72.5
2014-09-19,8.8,15.8,19.25,22.7,6.966,0,82.5
2014-09-20,15.2,18.1,20.4,22.7,6.509,0,83.5
2014-09-21,0,16.3,21.3,26.3,11.549,0,78
2014-09-22,9.6,13,19.8,26.6,16.168,0,74.5
2014-09-23,0,10.3,16.8,23.3,18.126,0,65
2014-09-24,0.2,8.4,15.100000000000001,21.8,14.742,0,71.5
2014-09-25,0,12.7,17.15,21.6,11.297,0,74.5
2014-09-26,0,10.1,16.5,22.9,15.376,0,72.5
2014-09-27,0,11.3,17.85,24.4,14.706,0,74.5
2014-09-28,0,11.9,18.6,25.3,15.671,0,71
2014-09-29,0.2,12.3,18.85,25.4,14.854,0,71
2014-09-30,0,11.8,18.05,24.3,12.308,0,75.5
2014-10-01,5.6,15.4,16.75,18.1,2.138,0,96
2014-10-02,0.2,12.8,17.85,22.9,15.048,0,73.5
2014-10-03,0,13.4,18.2,23,14.98,0,71
2014-10-04,0,11.5,16.55,21.6,15.214,0,73
2014-10-05,0,10.5,15.65,20.8,14.9,0,73.5
2014-10-06,0,11.1,16.05,21,11.38,0,74.5
2014-10-07,0,9.4,15.5,21.6,10.818,0,73
2014-10-08,0.4,14.9,18.7,22.5,10.94,0,81
2014-10-09,0.6,15.4,19.45,23.5,9.997,0,77
2014-10-10,0.2,17.5,20.7,23.9,8.028,0,84.5
2014-10-11,0.8,17.7,20.85,24,8.352,0,84.5
2014-10-12,0.2,16.1,20.15,24.2,9.281,0,77
2014-10-13,29,16,19.4,22.8,5.108,0,90.5
2014-10-14,0.2,13.2,17.6,22,8.384,0,82
2014-10-15,0,16.6,19.450000000000003,22.3,7.33,0,79.5
2014-10-16,0,15.9,18.7,21.5,6.613,0,83
2014-10-17,0.2,16.2,21.0,25.8,9.18,0,78
2014-10-18,0,15.3,19.8,24.3,10.858,0,81
2014-10-19,0.2,14.4,19.05,23.7,8.762,0,82
2014-10-20,0.4,15.1,18.15,21.2,4.212,0,93.5
2014-10-21,0,16.1,19.4,22.7,7.261,0,80.5
2014-10-22,2.6,11.1,15.3,19.5,12.935,0,58.5
2014-10-23,0,9.2,13.65,18.1,5.562,0,68.5
2014-10-24,0,7.5,15.0,22.5,12.539,0,65
2014-10-25,0,10.6,14.0,17.4,10.181,0,68
2014-10-26,0,8,12.45,16.9,11.999,0,65
2014-10-27,0,6.8,11.15,15.5,11.772,0,61.5
2014-10-28,0,5.5,10.15,14.8,11.138,0,66
2014-10-29,0,2.9,9.35,15.8,11.214,0,66.5
2014-10-30,0,4.2,11.049999999999999,17.9,10.825,0,68.5
2014-10-31,0,4.3,11.55,18.8,10.494,0,69
2014-11-01,0,4.6,12.05,19.5,10.055,0,69.5
2014-11-02,0,3.8,11.700000000000001,19.6,9.792,0,73
2014-11-03,0,5.1,11.2,17.3,8.762,0,80.5
2014-11-04,0.2,7.8,13.75,19.7,4.702,0,78.5
2014-11-05,15.8,16,17.05,18.1,0.709,0,83
2014-11-06,11,14.3,15.6,16.9,1.688,0,94.5
2014-11-07,0.2,14.5,16.0,17.5,1.966,0,93
2014-11-08,6,14.9,15.95,17,2.534,0,96
2014-11-09,1,13.8,15.05,16.3,2.041,0,95
2014-11-10,6.4,13.8,15.05,16.3,2.009,0,100
2014-11-11,2.2,14.2,16.25,18.3,3.902,0,91.5
2014-11-12,55.6,13.2,14.1,15,1.188,0,100
2014-11-13,13.6,12.4,14.55,16.7,3.24,0,87.5
2014-11-14,0,9.3,13.5,17.7,8.298,0,77
2014-11-15,12,10,12.7,15.4,2.272,0,93.5
2014-11-16,0,7.3,12.75,18.2,8.446,0,73
2014-11-17,33.4,8,10.2,12.4,1.832,0,89.5
2014-11-18,1.4,6.6,10.2,13.8,9.025,0,82.5
2014-11-19,0,4.8,9.8,14.8,8.14,0,77
2014-11-20,0,3,8.4,13.8,6.559,0,77.5
2014-11-21,0.2,2.2,8.35,14.5,7.326,0,75.5
2014-11-22,0,2.6,8.55,14.5,7.085,0,73.5
2014-11-23,0,2.3,7.800000000000001,13.3,6.314,0,80
2014-11-24,0,2.1,7.0,11.9,5.76,0,85.5
2014-11-25,0,3.8,8.85,13.9,5.134,0,75
2014-11-26,0,7.8,8.7,9.6,1.35,0,67
2014-11-27,0.4,7.4,8.25,9.1,1.098,0,81.5
2014-11-28,2.6,8,10.25,12.5,1.796,0,97
2014-11-29,0,11.4,14.100000000000001,16.8,2.988,0,87.5
2014-11-30,4.4,11.7,12.649999999999999,13.6,0.94,0,96.5
2014-12-01,7.2,9.8,13.65,17.5,2.905,0,90.5
2014-12-02,0.4,7.7,10.1,12.5,4.831,0,77
2014-12-03,22,7.5,9.1,10.7,3.089,0,79.5
2014-12-04,1.4,8,8.6,9.2,1.858,0,91.5
2014-12-05,0.8,8.4,9.8,11.2,2.56,0,85
2014-12-06,4.8,8.5,10.55,12.6,2.599,0,82.5
2014-12-07,0.8,6.2,9.3,12.4,2.873,0,78.5
2014-12-08,0,5.1,9.8,14.5,6.019,0,77
2014-12-09,0,2.1,6.6499999999999995,11.2,6.199,0,69
2014-12-10,0,-0.8,5.3,11.4,7.128,0,69.5
2014-12-11,0,-0.2,5.6000000000000005,11.4,6.934,0,67.5
2014-12-12,0,-2.5,4.35,11.2,7.049,0,68.5
2014-12-13,0.6,2.6,6.35,10.1,3.704,0,72.5
2014-12-14,0.2,5.2,8.05,10.9,4.658,0,85
2014-12-15,0,5.6,9.3,13,3.427,0,84.5
2014-12-16,9.8,8.2,9.2,10.2,0.792,0,100
2014-12-17,0.6,6.9,11.45,16,5.731,0,74.5
2014-12-18,0.2,5.1,9.55,14,4.331,0,82
2014-12-19,0,5.5,7.35,9.2,1.282,0,99
2014-12-20,0,2.8,7.4,12,4.216,0,81.5
2014-12-21,0,2.3,4.75,7.2,2.372,0,100
2014-12-22,0,2.8,4.449999999999999,6.1,1.073,0,93
2014-12-23,0,-1.3,1.9500000000000002,5.2,2.923,0,100
2014-12-24,0,4.4,5.6,6.8,1.505,0,95
2014-12-25,0,0.1,4.2,8.3,4.414,0,89.5
2014-12-26,0,-0.1,4.05,8.2,5.177,0,86.5
2014-12-27,9.8,0.4,1.75,3.1,0.803,0,100
2014-12-28,6.2,0.8,2.35,3.9,2.999,0,80.5
2014-12-29,0,-3.1,1.7,6.5,6.037,0,72
2014-12-30,0,-3.6,0.0,3.6,3.334,0,71
2014-12-31,0,-2.9,-0.75,1.4,2.736,0,64.5
